Наименование;"Наименование артикула";"Код артикула";Валюта;Цена;"Доступен для заказа";"Зачеркнутая цена";"Закупочная цена";"Краткое описание";Описание;Теги;Заголовок;"Тип товаров""META Keywords";"META Description";"Ссылка на витрину";Производитель;Объем;Размеры;"Возраст детей";Страна-производитель;Материал;Изображения
"Temporary";"";"";"";"";"";"";"";"";"";"";"";"";"";"";"";"";"";"";"";""
"!DynaTone";"";"";"";"";"";"";"";"";"";"";"";"";"";"";"";"";"";"";"";""
"!!Ударные и шумовые инструменты";"";"";"";"";"";"";"";"";"";"";"";"";"";"";"";"";"";"";"";""
"Тамбурин пластиковый 'Двойной полумесяц' FLIGHT FTHP-20";"";"36145";"RUB";"660";"1";"";"";"";"<strong>Тамбурин </strong>– старинный ударный музыкальный инструмент,      в Европе был известен еще до времен Крестовых походов. Позднее стал      применяться в духовой и симфонической музыке. Тамбурин используется  в     качестве ритмообразующего инструмента при тарантеллах и других   танцах, а    также при исполнении народных и военных песен или в   оркестре.  ";"";"Тамбурин пластиковый 'Двойной полумесяц' FLIGHT FTHP-20";"";"";"tamburin-plastikovyy-dvoynoy-polumesyats-flight-fthp-20";"";"";"";"";"Китай";"";"http://dynatone.ru/images/base/arm99014444.jpg"
"Тамбурин FLIGHT PERCUSSION FT 10-16";"";"36140";"RUB";"650";"1";"";"";"";"<strong>Тамбурин </strong>– старинный ударный музыкальный инструмент,    в Европе был известен еще до времен Крестовых походов. Позднее стал    применяться в духовой и симфонической музыке. Тамбурин используется в    качестве ритмообразующего инструмента при тарантеллах и других танцах, а    также при исполнении народных и военных песен или в оркестре.  ";"";"Тамбурин FLIGHT PERCUSSION FT 10-16";"";"";"tamburin-flight-percussion-ft-10-16";"";"";"";"";"Китай";"";"http://dynatone.ru/images/base/arm99014439.png"
"Маракасы FLIGHT PERCUSSION FMW-245Afr";"";"36162";"RUB";"650";"1";"";"";"";"<strong>Маракасы </strong>-  шумовой музыкальный инструмент   кубинского происхождения. Они  используются в различных стилях   латиноамериканской танцевальной музыки, таких как сальса, ча-ча-ча,   меренге, самба.  Маракасы можно применять не  только в музыке, но и в   детских играх, как погремушки с приятным  шуршащим звуком.";"";"Маракасы FLIGHT PERCUSSION FMW-245Afr";"";"";"marakasy-flight-percussion-fmw-245afr";"";"";"";"";"";"";"http://dynatone.ru/images/base/arm99014461.jpg"
"Металлофон FLIGHT FM-8S";"";"36219";"RUB";"630";"1";"";"";"";"<span><strong>Металлофон</strong> - ударный музыкальный инструмент, является одной из разновидностей ксилофонов. Представляет собой ряд металлических пластин, настроенных на определённые ноты, по которым ударяют палочками. Обладает ярким, чистым звуком.  Инструмент может использоваться как соло, так и в ансамбле.                          </span>";"";"Металлофон FLIGHT FM-8S";"";"";"metallofon-flight-fm-8s";"";"";"";"";"Китай";"";"http://dynatone.ru/images/base/arm99014518.jpg"
"FLIGHT PERCUSSION FOD-20R - Шумовой эффект";"";"36147";"RUB";"590";"1";"";"";"";"<strong>Шум океана (Ocean drum)</strong> -  музыкальный инструмент, имитирующий звук океанических волн, с его помощью можно создавать сложное и интересное музыкальное сопровождение  для рассказывания историй, придавать природный и этнический колорит музыкальным композициям. ";"";"FLIGHT PERCUSSION FOD-20R - Шумовой эффект";"";"";"flight-percussion-fod-20r---shumovoy-effekt";"";"";"";"";"";"";"http://dynatone.ru/images/base/arm99014446.gif"
"Тамбурин FLIGHT FT 9-12  с 12 джинглами, Размер: 9' (23cм)";"";"36139";"RUB";"580";"1";"";"";"";"<strong>Тамбурин </strong>– старинный ударный музыкальный инструмент,    в Европе был известен еще до времен Крестовых походов. Позднее стал    применяться в духовой и симфонической музыке. Тамбурин используется в    качестве ритмообразующего инструмента при тарантеллах и других танцах, а    также при исполнении народных и военных песен или в оркестре.  ";"";"Тамбурин FLIGHT FT 9-12  с 12 джинглами, Размер: 9' (23cм)";"";"";"tamburin-flight-ft-9-12-s-12-dzhinglami-razmer-939-23cm";"";"";"";"";"Китай";"";"http://dynatone.ru/images/base/arm99014438.jpg"
"Тамбурин пластиковый 'Полумесяц' FLIGHT FTHP-16";"";"36144";"RUB";"560";"1";"";"";"";"<strong>Тамбурин </strong>– старинный ударный музыкальный инструмент,      в Европе был известен еще до времен Крестовых походов. Позднее стал      применяться в духовой и симфонической музыке. Тамбурин используется  в     качестве ритмообразующего инструмента при тарантеллах и других   танцах, а    также при исполнении народных и военных песен или в   оркестре.  ";"";"Тамбурин пластиковый 'Полумесяц' FLIGHT FTHP-16";"";"";"tamburin-plastikovyy-polumesyats-flight-fthp-16";"";"";"";"";"Китай";"";"http://dynatone.ru/images/base/arm99014443.jpg"
"Тамбурин FLIGHT PERCUSSION FT 8-12";"";"36138";"RUB";"520";"1";"";"";"";"<strong>Тамбурин </strong>– старинный ударный музыкальный инструмент,   в Европе был известен еще до времен Крестовых походов. Позднее стал   применяться в духовой и симфонической музыке. Тамбурин используется в   качестве ритмообразующего инструмента при тарантеллах и других танцах, а   также при исполнении народных и военных песен или в оркестре.  ";"";"Тамбурин FLIGHT PERCUSSION FT 8-12";"";"";"tamburin-flight-percussion-ft-8-12";"";"";"";"";"Китай";"";"http://dynatone.ru/images/base/arm99014437.png"
"FLIGHT FCW-950 Macho - кастаньета, 1 штука, низкий тон";"";"52793";"RUB";"500";"1";"";"";"";"<strong>Кастаньеты </strong>используются для ритмического сопровождения музыки, танца и пения.";"";"FLIGHT FCW-950 Macho - кастаньета, 1 штука, низкий тон";"";"";"flight-fcw-950-macho---kastaneta-1-shtuka-nizkiy-ton";"";"";"";"";"Россия";"";"http://dynatone.ru/images/base/arm352793.jpeg"
"FLIGHT FCW-900 Hembra - кастаньета, 1 штука, высокий тон";"";"52792";"RUB";"500";"1";"";"";"";"<strong>Кастаньеты </strong>используются для ритмического сопровождения музыки, танца и пения.";"";"FLIGHT FCW-900 Hembra - кастаньета, 1 штука, высокий тон";"";"";"flight-fcw-900-hembra---kastaneta-1-shtuka-vysokiy-ton";"";"";"";"";"Россия";"";"http://dynatone.ru/images/base/arm352792.jpeg"
"Тамбурин FLIGHT PERCUSSION FTHP-14";"";"36143";"RUB";"460";"1";"";"";"";"<strong>Тамбурин </strong>– старинный ударный музыкальный инструмент,     в Европе был известен еще до времен Крестовых походов. Позднее стал     применяться в духовой и симфонической музыке. Тамбурин используется в     качестве ритмообразующего инструмента при тарантеллах и других  танцах, а    также при исполнении народных и военных песен или в  оркестре.  ";"";"Тамбурин FLIGHT PERCUSSION FTHP-14";"";"";"tamburin-flight-percussion-fthp-14";"";"";"";"";"Китай";"";"http://dynatone.ru/images/base/arm99014442.jpg"
"Тарелочки FLIGHT PERCUSSION FCMB-5";"";"39733";"RUB";"390";"1";"";"";"";"Тарелочки <strong>FLIGHT FCMB-5</strong> сделаны из металла, в них имеется отверстие для крепления петель, надевающихся на блольшой и средний пальцы руки.";"";"Тарелочки FLIGHT PERCUSSION FCMB-5";"";"";"tarelochki-flight-percussion-fcmb-5";"";"";"";"";"Китай";"";"http://dynatone.ru/images/base/arm99018118.jpeg"
"Джингл-стик FLIGHT PERCUSSION FSB-21";"";"36231";"RUB";"370";"1";"";"";"";"<strong>Джингл-стик</strong> – ударный музыкальный инструмент с   неопределенной звуковысотностью. Представляет собой палочку с   закреплёнными на ней джинглами (металлическими тарелочками), чаще всего   изготавливается из дерева или пластика. Инструмент можно использовать   как палочку при игре на различных ударных инструментах или вместо   тамбурина без мембраны.";"";"Джингл-стик FLIGHT PERCUSSION FSB-21";"";"";"dzhingl-stik-flight-percussion-fsb-21";"";"";"";"";"Китай";"";"http://dynatone.ru/images/base/arm99014530.jpg"
"Трещотка FLIGHT PERCUSSION FRW-115G";"";"36197";"RUB";"350";"1";"";"";"";"<strong>Трещотка</strong> - один из древнейших музыкальных шумовых инструментов, распространенный  у многих народов мира. На трещотке играют двумя способами. Первый из  них заключается в том, чтобы держать корпус трещотки неподвижно и  крутить ручку. В этом случае получается спокойное стрекотание. При игре вторым способом корпус трещотки сильным взмахом заставляют вращаться, извлекая резкий и пронзительный звук. На Руси трещотки использовались при исполнении песен и плясок, а также в свадебных обрядах, чтобы отогнать злых духов от молодых.";"";"Трещотка FLIGHT PERCUSSION FRW-115G";"";"";"treshchotka-flight-percussion-frw-115g";"";"";"";"";"Китай";"";"http://dynatone.ru/images/base/arm99014496.jpg"
"FLIGHT FCW-550 BR- кастаньеты, пара";"";"52794";"RUB";"350";"1";"";"";"";"Кастаньеты сделаны из цельного натурального дерева специальной обработки, не содержат красок, лаков и пропиток.";"";"FLIGHT FCW-550 BR- кастаньеты, пара";"";"";"flight-fcw-550-br--kastanety-para";"";"";"";"";"Россия";"";"http://dynatone.ru/images/base/arm352794.jpeg"
"Кастаньеты FLIGHT PERCUSSION FCW-55N";"";"36185";"RUB";"350";"1";"";"";"";"<strong>Кастаньеты</strong> -  ударный музыкальный инструмент, распространённый  в Испании, Италии и странах Латинской Америки. В современной музыке  кастаньеты широко  применяются в латиноамериканской танцевальной музыке,  например,   фламенко.";"";"Кастаньеты FLIGHT PERCUSSION FCW-55N";"";"";"kastanety-flight-percussion-fcw-55n";"";"";"";"";"Китай";"";"http://dynatone.ru/images/base/arm99014484.jpg"
"Трещотка FLIGHT PERCUSSION FRW-115N";"";"36198";"RUB";"340";"1";"";"";"";"<strong>Трещотка</strong> - один из древнейших музыкальных шумовых  инструментов, распространенный  у многих народов мира. На трещотке  играют двумя способами. Первый из  них заключается в том, чтобы держать  корпус трещотки неподвижно и  крутить ручку. В этом случае получается  спокойное стрекотание. При игре вторым способом корпус трещотки сильным  взмахом заставляют вращаться, извлекая резкий и пронзительный звук. На  Руси трещотки использовались при исполнении песен и плясок, а также в  свадебных обрядах, чтобы отогнать злых духов от молодых.";"";"Трещотка FLIGHT PERCUSSION FRW-115N";"";"";"treshchotka-flight-percussion-frw-115n";"";"";"";"";"Китай";"";"http://dynatone.ru/images/base/arm99014497.jpg"
"Треугольник FLIGHT PERCUSSION FTR-8";"";"36179";"RUB";"330";"1";"";"";"";"<strong>Треугольник </strong>- пришедший с Востока музыкальный  инструмент, в Европе популярен более двухсот лет и используется наряду с  другими перкуссионными инструментами в симфонических оркестрах. Он  подвешивается за один из углов на тонкой проволоке или тесьме, которую  держат в руке или прикрепляют к пюпитру. По треугольнику ударяют  металлической палочкой: при легком ударе звук получается нежный,  “воздушный”, а при сильном — яркий, кристаллический.";"";"Треугольник FLIGHT PERCUSSION FTR-8";"";"";"treugolnik-flight-percussion-ftr-8";"";"";"";"";"Китай";"";"http://dynatone.ru/images/base/arm99014478.jpg"
"Маракасы FLIGHT PERCUSSION FMP-15";"";"36173";"RUB";"290";"1";"";"";"";"<strong>Маракасы </strong>-  шумовой музыкальный инструмент  кубинского происхождения. Они  используются в различных стилях  латиноамериканской танцевальной музыки,  таких как сальса, ча-ча-ча,  меренге, самба.  Маракасы можно применять не  только в музыке, но и в  детских играх, как погремушки с приятным  шуршащим звуком.";"";"Маракасы FLIGHT PERCUSSION FMP-15";"";"";"marakasy-flight-percussion-fmp-15";"";"";"";"";"";"";"http://dynatone.ru/images/base/arm99014472.jpg"
"Кастаньеты FLIGHT PERCUSSION FCWH-20V";"";"36186";"RUB";"290";"1";"";"";"";"<strong>Кастаньеты</strong> -  ударный музыкальный инструмент,    распространённый в Испании, Италии и странах Латинской Америки. В    современной музыке кастаньеты широко  применяются в латиноамериканской    танцевальной музыке, например,   фламенко.";"";"Кастаньеты FLIGHT PERCUSSION FCWH-20V";"";"";"kastanety-flight-percussion-fcwh-20v";"";"";"";"";"Китай";"";"http://dynatone.ru/images/base/arm99014485.jpg"
"Джингл-стик FLIGHT PERCUSSION FSB-13N";"";"36229";"RUB";"270";"1";"";"";"";"<strong>Джингл-стик</strong> – ударный музыкальный инструмент с   неопределенной звуковысотностью. Представляет собой палочку с   закреплёнными на ней джинглами (металлическими тарелочками), чаще всего   изготавливается из дерева или пластика. Инструмент можно использовать   как палочку при игре на различных ударных инструментах или вместо   тамбурина без мембраны.";"";"Джингл-стик FLIGHT PERCUSSION FSB-13N";"";"";"dzhingl-stik-flight-percussion-fsb-13n";"";"";"";"";"Китай";"";"http://dynatone.ru/images/base/arm99014528.jpg"
"Джингл-стик FLIGHT PERCUSSION FSB-13";"";"36230";"RUB";"250";"1";"";"";"";"<strong>Джингл-стик</strong> – ударный музыкальный инструмент с  неопределенной звуковысотностью. Представляет собой палочку с  закреплёнными на ней джинглами (металлическими тарелочками), чаще всего  изготавливается из дерева или пластика. Инструмент можно использовать  как палочку при игре на различных ударных инструментах или вместо  тамбурина без мембраны.";"";"Джингл-стик FLIGHT PERCUSSION FSB-13";"";"";"dzhingl-stik-flight-percussion-fsb-13";"";"";"";"";"Китай";"";"http://dynatone.ru/images/base/arm99014529.jpg"
"Бубенцы ручные FLIGHT PERCUSSION FAB-5";"";"36232";"RUB";"250";"1";"";"";"";"<strong>Бубенцы</strong> - небольшая металлическая погремушка,  представляет собой полый шарик с  маленьким цельным шариком (несколькими  шариками) внутри, позванивающая при встряхивании. Они могут  использоваться для ритмического сопровождения танцев, плясок, игр. Игра  на них развивает чувство ритма,  творчество, моторику. С помощью  браслетов, можно создать музыкальную картину зимнего леса, тройки с  бубенцами, или перенестись в жаркую Индию и превратиться в исполнителя  индийских танцев.";"";"Бубенцы ручные FLIGHT PERCUSSION FAB-5";"";"";"bubentsy-ruchnye-flight-percussion-fab-5";"";"";"";"";"Китай";"";"http://dynatone.ru/images/base/arm99014531.jpeg"
"Пластиковые маракасы FLIGHT FMP-115";"";"36174";"RUB";"240";"1";"";"";"";"<strong>Маракасы </strong>-  шумовой музыкальный инструмент кубинского происхождения. Они  используются в различных стилях латиноамериканской танцевальной музыки, таких как сальса, ча-ча-ча, меренге, самба.  Маракасы можно применять не  только в музыке, но и в детских играх, как погремушки с приятным  шуршащим звуком.";"";"Пластиковые маракасы FLIGHT FMP-115";"";"";"plastikovye-marakasy-flight-fmp-115";"";"";"";"";"";"";"http://dynatone.ru/images/base/arm99014473.jpg"
"Джингл-стик FLIGHT PERCUSSION FJSP-6R";"";"36234";"RUB";"240";"1";"";"";"";"<strong>Джингл-стик</strong> – ударный музыкальный инструмент с неопределенной звуковысотностью. Представляет собой палочку с закреплёнными на ней джинглами (металлическими тарелочками), чаще всего изготавливается из дерева или пластика. Инструмент можно использовать как палочку при игре на различных ударных инструментах или вместо тамбурина без мембраны.";"";"Джингл-стик FLIGHT PERCUSSION FJSP-6R";"";"";"dzhingl-stik-flight-percussion-fjsp-6r";"";"";"";"";"Китай";"";"http://dynatone.ru/images/base/arm99014533.jpg"
"Маракасы пластиковые FLIGHT FMP-21RD красный";"";"39753";"RUB";"210";"1";"";"";"";"<strong>Маракасы </strong>-  шумовой музыкальный инструмент    кубинского происхождения. Они  используются в различных стилях    латиноамериканской танцевальной музыки, таких как сальса, ча-ча-ча,    меренге, самба.  Маракасы можно применять не  только в музыке, но и в    детских играх, как погремушки с приятным  шуршащим звуком.";"";"Маракасы пластиковые FLIGHT FMP-21RD красный";"";"";"marakasy-plastikovye-flight-fmp-21rd-krasnyy";"";"";"";"";"";"";"http://dynatone.ru/images/base/arm99018138.jpeg"
"Пластиковые маракасы FLIGHT FMP-13";"";"36172";"RUB";"210";"1";"";"";"";"<strong>Маракасы </strong>-  шумовой музыкальный инструмент  кубинского происхождения. Они  используются в различных стилях  латиноамериканской танцевальной музыки,  таких как сальса, ча-ча-ча,  меренге, самба.  Маракасы можно применять не  только в музыке, но и в  детских играх, как погремушки с приятным  шуршащим звуком.";"";"Пластиковые маракасы FLIGHT FMP-13";"";"";"plastikovye-marakasy-flight-fmp-13";"";"";"";"";"";"";"http://dynatone.ru/images/base/arm99014471.jpg"
"Джингл-стик FLIGHT PERCUSSION FSB-3";"";"36233";"RUB";"140";"1";"";"";"";"<strong>Джингл-стик</strong> – ударный музыкальный инструмент с    неопределенной звуковысотностью. Представляет собой палочку с    закреплёнными на ней джинглами (металлическими тарелочками), чаще всего    изготавливается из дерева или пластика. Инструмент можно использовать    как палочку при игре на различных ударных инструментах или вместо    тамбурина без мембраны.";"";"Джингл-стик FLIGHT PERCUSSION FSB-3";"";"";"dzhingl-stik-flight-percussion-fsb-3";"";"";"";"";"Китай";"";"http://dynatone.ru/images/base/arm99014532.jpg"
"Бубенцы ручные FLIGHT PERCUSSION FAB-4/1";"";"36446";"RUB";"120";"1";"";"";"";"<strong>Бубенцы</strong> - небольшая металлическая погремушка,  представляет собой полый шарик с  маленьким цельным шариком (несколькими  шариками) внутри, позванивающая при встряхивании. Они могут  использоваться для ритмического сопровождения танцев, плясок, игр. Игра  на них развивает чувство ритма,  творчество, моторику. С помощью  браслетов, можно создать музыкальную картину зимнего леса, тройки с  бубенцами, или перенестись в жаркую Индию и превратиться в исполнителя  индийских танцев.";"";"Бубенцы ручные FLIGHT PERCUSSION FAB-4/1";"";"";"bubentsy-ruchnye-flight-percussion-fab-41";"";"";"";"";"Китай";"";"http://dynatone.ru/images/base/arm99014750.jpg"
"Шейкер FLIGHT PERCUSSION FES-1";"";"36490";"RUB";"50";"1";"";"";"";"Яйца-шейкеры <strong>FLIGHT </strong>прекрасно дополнят любой набор   перкуссии или коллекцию игрушек благодаря приятным цветам и яркому   четкому звучанию.";"";"Шейкер FLIGHT PERCUSSION FES-1";"";"";"sheyker-flight-percussion-fes-1";"";"";"";"";"";"";"http://dynatone.ru/images/base/arm99014794.jpeg"
"!!Ударные и шумовые инструменты";"";"";"";"";"";"";"";"";"";"";"";"";"";"";"";"";"";"";"";""
"Шейкер FLIGHT FMD-16 + чехол";"";"42940";"RUB";"340";"1";"";"";"";"Этнический шейкер <strong>FLIGHT FMD-16</strong> сделан из ротанговой рукоятки, на концах которой находятся плоды дерева кукуи (или кемири), напоминающие орехи, и  шарик из ротанговой пальмы (или ротанговой лианы).";"";"Шейкер FLIGHT FMD-16 + чехол";"";"";"sheyker-flight-fmd-16--chekhol";"";"";"";"";"";"";"http://dynatone.ru/images/base/arm99021359.png"
"Кастаньеты FLIGHT PERCUSSION FCW-9N";"";"36182";"RUB";"330";"1";"";"";"";"<strong>Кастаньеты</strong> -  ударный музыкальный инструмент,   распространённый в Испании, Италии и странах Латинской Америки. В   современной музыке кастаньеты широко  применяются в латиноамериканской   танцевальной музыке, например,   фламенко.";"";"Кастаньеты FLIGHT PERCUSSION FCW-9N";"";"";"kastanety-flight-percussion-fcw-9n";"";"";"";"";"Китай";"";"http://dynatone.ru/images/base/arm99014481.jpg"
"Колокольчики без язычка FLIGHT PERCUSSION FBELL / 5";"";"45324";"RUB";"300";"1";"";"";"";"<strong>КОЛОКОЛЬЧИКИ </strong>—   ударный    инструмент с  определенной высотой звука, представляющий собой пару  маленьких металлических колокольчиков одинаковой высоты. Тембр      инструмента ясный, звонкий, блестящий.  Звукоизвлечение - ударять колокольчики друг о друга.";"";"Колокольчики без язычка FLIGHT PERCUSSION FBELL / 5";"";"";"kolokolchiki-bez-yazychka-flight-percussion-fbell--5";"";"";"";"";"Китай";"";"http://dynatone.ru/images/base/arm345324.png"
"Шейкер-яйцо FLIGHT OSCC-49";"";"32763";"RUB";"290";"1";"";"";"";"Яйца-шейкеры <strong>FLIGHT </strong>прекрасно дополнят любой набор   перкуссии или коллекцию игрушек благодаря приятным цветам и яркому   четкому звучанию.";"";"Шейкер-яйцо FLIGHT OSCC-49";"";"";"sheyker-yaytso-flight-oscc-49";"";"";"";"";"";"";"http://dynatone.ru/images/base/arm99010967.JPG"
"Колокольчики без язычка FLIGHT PERCUSSION FBELL / 3";"";"45323";"RUB";"250";"1";"";"";"";"<strong>КОЛОКОЛЬЧИКИ </strong>—   ударный   инструмент с  определенной высотой звука, представляющий собой пару маленьких металлических колокольчиков одинаковой высоты. Тембр     инструмента ясный, звонкий, блестящий. Звукоизвлечение - ударять колокольчики друг о друга.";"";"Колокольчики без язычка FLIGHT PERCUSSION FBELL / 3";"";"";"kolokolchiki-bez-yazychka-flight-percussion-fbell--3";"";"";"";"";"Китай";"";"http://dynatone.ru/images/base/arm345323.png"
"Гуиро FLIGHT PERCUSSION FGU-15Fr";"";"36227";"RUB";"1840";"1";"";"";"";"<strong>Гуиро  </strong>– ударно-шумовой инструмент, пришедший к нам от  индейцев Латинской Америки. Индейцы изготавливали его из высушенной  тыквы, наполненной камешками, сухими семенами или другими твёрдыми  мелкими предметами. В наши дни гуиро изготавливают также из металла,  пластика и дерева. Он представляет собой пустотелый сосуд с засечками на  одной стороне и с резонансным отверстием с другой. Играют на нем с  помощью палочки, называющейся пуэ. Инструмент широко распространен, его  используют многие современные группы, он входит в состав симфонического  оркестра.";"";"Гуиро FLIGHT PERCUSSION FGU-15Fr";"";"";"guiro-flight-percussion-fgu-15fr";"";"";"";"";"Китай";"";"http://dynatone.ru/images/base/arm99014526.jpg"
"Набор перкуссии Дисней Принцессы FLIGHT FDSN-PR";"";"18261";"RUB";"1700";"1";"";"";"";"Компания <strong>Disney </strong>предъявляет большие требования к качеству продукции, тщательно следит за всеми этапами производства, начиная с разработки дизайна и заканчивая контролем качества финального продукта. Потому детские музыкальные инструменты <strong>Flight </strong>производятся в соответствии с мировыми стандартами и полностью отвечают российским требованиям безопасности. В комплекте к каждому инструменту прилагается инструкция, подготовленная педагогами-методистами детских садов и музыкальными руководителями младшей школы, которая содержит полезные советы и рекомендации по использованию. Маракасы, тамбурины и металлофоны <strong>Flight Disney</strong> имеют возрастную категорию 3+, гарантирующую отсутствие нежелательных для маленьких детей элементов в оформлении продукта, а также безопасность самой конструкции и использованных материалов.";"";"Набор перкуссии Дисней Принцессы FLIGHT FDSN-PR";"";"";"nabor-perkussii-disney-printsessy-flight-fdsn-pr";"";"";"";"";"";"";"http://dynatone.ru/images/base/arm7700002393.png"
"Набор перкуссии Дисней Самолеты FLIGHT FDSN-PL";"";"18262";"RUB";"1700";"1";"";"";"";"Компания <strong>Disney </strong>предъявляет большие требования к качеству продукции, тщательно следит за всеми этапами производства, начиная с разработки дизайна и заканчивая контролем качества финального продукта. Потому детские музыкальные инструменты <strong>Flight </strong>производятся в соответствии с мировыми стандартами и полностью отвечают российским требованиям безопасности. В комплекте к каждому инструменту прилагается инструкция, подготовленная педагогами-методистами детских садов и музыкальными руководителями младшей школы, которая содержит полезные советы и рекомендации по использованию. Маракасы, тамбурины и металлофоны <strong>Flight Disney</strong> имеют возрастную категорию 3+, гарантирующую отсутствие нежелательных для маленьких детей элементов в оформлении продукта, а также безопасность самой конструкции и использованных материалов.";"";"Набор перкуссии Дисней Самолеты FLIGHT FDSN-PL";"";"";"nabor-perkussii-disney-samolety-flight-fdsn-pl";"";"";"";"";"";"";"http://dynatone.ru/images/base/arm7700002394.jpeg"
"Набор перкуссии Дисней Король-Лев FLIGHT FDSN-LK";"";"18263";"RUB";"1700";"1";"";"";"";"Компания <strong>Disney </strong>предъявляет большие требования к качеству продукции, тщательно следит за всеми этапами производства, начиная с разработки дизайна и заканчивая контролем качества финального продукта. Потому детские музыкальные инструменты <strong>Flight </strong>производятся в соответствии с мировыми стандартами и полностью отвечают российским требованиям безопасности. В комплекте к каждому инструменту прилагается инструкция, подготовленная педагогами-методистами детских садов и музыкальными руководителями младшей школы, которая содержит полезные советы и рекомендации по использованию. Маракасы, тамбурины и металлофоны <strong>Flight Disney</strong> имеют возрастную категорию 3+, гарантирующую отсутствие нежелательных для маленьких детей элементов в оформлении продукта, а также безопасность самой конструкции и использованных материалов.";"";"Набор перкуссии Дисней Король-Лев FLIGHT FDSN-LK";"";"";"nabor-perkussii-disney-korol-lev-flight-fdsn-lk";"";"";"";"";"";"";"http://dynatone.ru/images/base/arm7700002395.png"
"Гуиро FLIGHT PERCUSSION FGU-12Fr";"";"36228";"RUB";"1640";"1";"";"";"";"<strong>Гуиро  </strong>– ударно-шумовой инструмент, пришедший к нам  от  индейцев Латинской Америки. Индейцы изготавливали его из высушенной   тыквы, наполненной камешками, сухими семенами или другими твёрдыми   мелкими предметами. В наши дни гуиро изготавливают также из металла,   пластика и дерева. Он представляет собой пустотелый сосуд с засечками на   одной стороне и с резонансным отверстием с другой. Играют на нем с   помощью палочки, называющейся пуэ. Инструмент широко распространен, его   используют многие современные группы, он входит в состав симфонического   оркестра.";"";"Гуиро FLIGHT PERCUSSION FGU-12Fr";"";"";"guiro-flight-percussion-fgu-12fr";"";"";"";"";"Китай";"";"http://dynatone.ru/images/base/arm99014527.jpg"
"Металлофон 'Принцессы' FLIGHT DISNEY FDSN-5PR";"";"43001";"RUB";"1000";"1";"";"";"";"";"";"Металлофон 'Принцессы' FLIGHT DISNEY FDSN-5PR";"";"";"metallofon-printsessy-flight-disney-fdsn-5pr";"";"";"";"";"";"";"http://dynatone.ru/images/base/arm99021420.jpeg"
"Металлофон 'Самолеты' FLIGHT DISNEY FDSN-5PL";"";"42997";"RUB";"1000";"1";"";"";"";"";"";"Металлофон 'Самолеты' FLIGHT DISNEY FDSN-5PL";"";"";"metallofon-samolety-flight-disney-fdsn-5pl";"";"";"";"";"";"";"http://dynatone.ru/images/base/arm99021416.jpeg"
"Металлофон 'Король Лев' FLIGHT DISNEY FDSN-5LK";"";"43000";"RUB";"1000";"1";"";"";"";"";"";"Металлофон 'Король Лев' FLIGHT DISNEY FDSN-5LK";"";"";"metallofon-korol-lev-flight-disney-fdsn-5lk";"";"";"";"";"";"";"http://dynatone.ru/images/base/arm99021419.jpeg"
"Тамбурин 'Принцессы' FLIGHT DISNEY FDSN-2PR";"";"42995";"RUB";"500";"1";"";"";"";"";"";"Тамбурин 'Принцессы' FLIGHT DISNEY FDSN-2PR";"";"";"tamburin-printsessy-flight-disney-fdsn-2pr";"";"";"";"";"";"";"http://dynatone.ru/images/base/arm99021414.jpeg"
"Тамбурин 'Самолеты' FLIGHT DISNEY FDSN-2PL";"";"42978";"RUB";"500";"1";"";"";"";"";"";"Тамбурин 'Самолеты' FLIGHT DISNEY FDSN-2PL";"";"";"tamburin-samolety-flight-disney-fdsn-2pl";"";"";"";"";"";"";"http://dynatone.ru/images/base/arm99021397.jpeg"
"Тамбурин 'Король Лев' FLIGHT DISNEY FDSN-2LK";"";"42996";"RUB";"500";"1";"";"";"";"<strong>Тамбурин </strong><strong>Flight</strong><strong> серии Дисней </strong>с изображениями героев анимационного фильма Disney  <strong>«Король Лев» Симбы и Муфасы</strong> - не просто красивая игрушка, это полезный подарок для ребенка. Этот музыкальный инструмент требует от исполнителя чувства ритма и хорошей координации и, соответственно, помогает развить эти качества у малыша.";"";"Тамбурин 'Король Лев' FLIGHT DISNEY FDSN-2LK";"";"";"tamburin-korol-lev-flight-disney-fdsn-2lk";"";"";"";"";"Китай";"";"http://dynatone.ru/images/base/arm99021415.jpeg"
"Маракас 'Король Лев' FLIGHT DISNEY FDSN-3LKW";"";"42999";"RUB";"400";"1";"";"";"";"";"";"Маракас 'Король Лев' FLIGHT DISNEY FDSN-3LKW";"";"";"marakas-korol-lev-flight-disney-fdsn-3lkw";"";"";"";"";"";"";"http://dynatone.ru/images/base/arm99021418.jpeg"
"Маракасы 'Принцессы' FLIGHT DISNEY FDSN-3PRP";"";"43002";"RUB";"350";"1";"";"";"";"<img title='FLIGHT DISNEY FDSN-5PR - Металлофон Принцессы , 8 нот, 1 палочка, инструкция' src='/images/dopimg/arm999021420_141022191922.jpeg' border='0' alt='FLIGHT DISNEY FDSN-5PR - Металлофон Принцессы , 8 нот, 1 палочка, инструкция' hspace='10' vspace='10' width='500' height='333'>";"";"Маракасы 'Принцессы' FLIGHT DISNEY FDSN-3PRP";"";"";"marakasy-printsessy-flight-disney-fdsn-3prp";"";"";"";"";"";"";"http://dynatone.ru/images/base/arm99021421.jpeg"
"Маракас 'Самолеты' FLIGHT DISNEY FDSN-3PLP";"";"42998";"RUB";"350";"1";"";"";"";"";"";"Маракас 'Самолеты' FLIGHT DISNEY FDSN-3PLP";"";"";"marakas-samolety-flight-disney-fdsn-3plp";"";"";"";"";"";"";"http://dynatone.ru/images/base/arm99021417.jpeg"
"Кастаньеты FLIGHT TC-26F";"";"32714";"RUB";"150";"1";"";"";"";"<span style='font-family: 'times new roman', times; font-size: medium;'><strong>Кастаньеты</strong> - ударный музыкальный инструмент, распространённый в Испании, Италии и странах Латинской Америки. В современной музыке кастаньеты широко применяются в латиноамериканской танцевальной музыке, например, фламенко. </span>";"";"Кастаньеты FLIGHT TC-26F";"";"";"kastanety-flight-tc-26f";"";"";"";"";"";"";"http://dynatone.ru/images/base/arm99010916.JPG"
"Набор перкуссии из 17 предметов FLIGHT FPS-17";"";"36213";"RUB";"6320";"1";"";"";"";"Перкуссионный набор – это набор ударных музыкальных инструментов, не являющихся классическими, как правило, это этнические  ударные инструменты.";"";"Набор перкуссии из 17 предметов FLIGHT FPS-17";"";"";"nabor-perkussii-iz-17-predmetov-flight-fps-17";"";"";"";"";"";"";"http://dynatone.ru/images/base/arm99014512.jpg"
"Перкуссионный набор FLIGHT PERCUSSION FPS-10";"";"36212";"RUB";"3200";"1";"";"";"";"Перкуссионный набор – это набор ударных музыкальных инструментов, не являющихся классическими, как правило, это этнические ударные инструменты.";"";"Перкуссионный набор FLIGHT PERCUSSION FPS-10";"";"";"perkussionnyy-nabor-flight-percussion-fps-10";"";"";"";"";"";"";"http://dynatone.ru/images/base/arm99014511.jpg"
"Металлофон FLIGHT PERCUSSION FM / 25YL";"";"45335";"RUB";"2330";"1";"";"";"";"<strong>Металлофон</strong> - ударный музыкальный инструмент,  является одной из разновидностей ксилофонов. Представляет собой ряд  металлических пластин, настроенных на определённые ноты, по которым  ударяют палочками. Обладает ярким, чистым звуком.  Инструмент может  использоваться как соло, так и в ансамбле.";"";"Металлофон FLIGHT PERCUSSION FM / 25YL";"";"";"metallofon-flight-percussion-fm--25yl";"";"";"";"";"Китай";"";"http://dynatone.ru/images/base/arm345335.png"
"Набор перкуссии из 6 предметов FLIGHT FPS-6";"";"36211";"RUB";"1650";"1";"";"";"";"Перкуссионный набор – это набор ударных музыкальных инструментов, не являющихся классическими, как правило, это этнические ударные инструменты.";"";"Набор перкуссии из 6 предметов FLIGHT FPS-6";"";"";"nabor-perkussii-iz-6-predmetov-flight-fps-6";"";"";"";"";"";"";"http://dynatone.ru/images/base/arm99014510.jpg"
"FLIGHT FX-12RC СЕМИЦВЕТИК- Ксилофон (12 нот), цветной";"";"52936";"RUB";"1500";"1";"";"";"";"Ксилофон – ударный музыкальный инструмент, имеет древнее происхождение – простейшие инструменты подобного типа встречаются у разных народов Африки, Юго-Восточной Азии и Латинской Америки. В Европе первые упоминания о ксилофоне датируются началом XVI века. Представляет собой ряд деревянных брусков разной величины, настроенных на определённые ноты, по которым ударяют палочками. Инструмент может использоваться как соло, так и в ансамбле.";"";"FLIGHT FX-12RC СЕМИЦВЕТИК- Ксилофон (12 нот), цветной";"";"";"flight-fx-12rc-semitsvetik--ksilofon-12-not-tsvetnoy";"";"";"";"";"";"";"http://dynatone.ru/images/base/arm352936.png"
"Ксилофон FLIGHT FX-12R";"";"52867";"RUB";"1300";"1";"";"";"";"<strong>Ксилофон </strong>– ударный музыкальный инструмент, имеет древнее происхождение — простейшие инструменты подобного типа встречаются у разных народов Африки, Юго-Восточной Азии и Латинской Америки. В Европе первые упоминания о ксилофоне датируются началом XVI века. Представляет собой ряд деревянных брусков разной величины, настроенных на определённые ноты, по которым ударяют палочками. Инструмент может использоваться как соло, так и в ансамбле.<br><br>Мелодичный звук ксилофона доставит наслаждение малышу и родителям, процесс обучения очень прост и доступен. Ксилофон как первый инструмент - идеальное решение для начальной музыкальной подготовки малыша. Клавиши ксилофона соответствуют клавишам фортепиано, и малыш легко освоит новый инструмент – мелодику, пианино или синтезатор, наигрывая уже знакомые мелодии.Строй ксилофона - от нижней Ля на больших клавишах до верхней Ми на маленьких клавишах.Такой строй ксилофона позволяет играть мелодии в До мажоре и Ля миноре, самых популярных тональностях.  Мы разработали специальную схему игры для этого ксилофона, что поможет малышу разучивать мелодии самостоятельно. ";"";"Ксилофон FLIGHT FX-12R";"";"";"ksilofon-flight-fx-12r";"";"";"";"";"Россия";"";"http://dynatone.ru/images/base/arm352867.png"
"Ксилофон FLIGHT FX-12";"";"36222";"RUB";"1240";"1";"";"";"";"<span><strong>Ксилофон </strong>– ударный музыкальный инструмент, имеет древнее происхождение — простейшие инструменты подобного типа встречаются у разных народов Африки, Юго-Восточной Азии и Латинской Америки. В Европе первые упоминания о ксилофоне датируются началом XVI века. Представляет собой ряд деревянных брусков разной величины, настроенных на определённые ноты, по которым ударяют палочками. Инструмент может использоваться как соло, так и в ансамбле. </span><span>Ксилофон поможет развить музыкальный слух ребенка, чувство ритма, и при этом настолько легок в применении, что даже у малыша, не владеющего нотами, обязательно получится мелодия.</span>";"";"Ксилофон FLIGHT FX-12";"";"";"ksilofon-flight-fx-12";"";"";"";"";"Китай";"";"http://dynatone.ru/images/base/arm99014521.jpeg"
"Настраиваемый тамбурин с 12 джинглами FLIGHT FTPRO 8-12";"";"36141";"RUB";"1070";"1";"";"";"";"<strong>Тамбурин </strong>– старинный ударный музыкальный инструмент,      в Европе был известен еще до времен Крестовых походов. Позднее стал      применяться в духовой и симфонической музыке. Тамбурин используется  в     качестве ритмообразующего инструмента при тарантеллах и других   танцах, а    также при исполнении народных и военных песен или в   оркестре.  ";"";"Настраиваемый тамбурин с 12 джинглами FLIGHT FTPRO 8-12";"";"";"nastraivaemyy-tamburin-s-12-dzhinglami-flight-ftpro-8-12";"";"";"";"";"";"";"http://dynatone.ru/images/base/arm99014440.jpg"
"Металлофон FLIGHT PERCUSSION FM8-1";"";"36217";"RUB";"920";"1";"";"";"";"<strong>Металлофон</strong> - ударный музыкальный инструмент, является одной из разновидностей ксилофонов. Представляет собой ряд металлических пластин, настроенных на определённые ноты, по которым ударяют палочками. Обладает ярким, чистым звуком.  Инструмент может использоваться как соло, так и в ансамбле.                          ";"";"Металлофон FLIGHT PERCUSSION FM8-1";"";"";"metallofon-flight-percussion-fm8-1";"";"";"";"";"Китай";"";"http://dynatone.ru/images/base/arm99014516.jpeg"
"!!Ударные и шумовые инструменты";"";"";"";"";"";"";"";"";"";"";"";"";"";"";"";"";"";"";"";""
"Бамбуковый маракас FLIGHT FM-16SH + чехол";"";"42939";"RUB";"290";"1";"";"";"";"<strong>Экзотический Бамбуковый Маракас FLIGHT</strong> сделан в  Индонезии из натуральных продуктов -  высушенных скорлупок пальмовых  орехов и украшенной этническим рисунком бамбуковой ручки. Инструмент  имеет четкое, громкое, клокочущее звучание и является отличным  дополнением к перкуссионным наборам.";"";"Бамбуковый маракас FLIGHT FM-16SH + чехол";"";"";"bambukovyy-marakas-flight-fm-16sh--chekhol";"";"";"";"";"";"";"http://dynatone.ru/images/base/arm99021358.png"
"Кастаньеты FLIGHT PERCUSSION FCWH-20N";"";"36183";"RUB";"290";"1";"";"";"";"<strong>Кастаньеты</strong> -  ударный музыкальный инструмент,   распространённый в Испании, Италии и странах Латинской Америки. В   современной музыке кастаньеты широко  применяются в латиноамериканской   танцевальной музыке, например,   фламенко.";"";"Кастаньеты FLIGHT PERCUSSION FCWH-20N";"";"";"kastanety-flight-percussion-fcwh-20n";"";"";"";"";"Китай";"";"http://dynatone.ru/images/base/arm99014482.jpg"
"Трещотка FLIGHT PERCUSSION FRB18";"";"42943";"RUB";"240";"1";"";"";"";"<strong>Трещотка – </strong>эффектный музыкальный<strong> </strong>инструмент сделан из бамбука, распространенный у многих народов мира. <strong>Трещотка</strong> позволяет сделать песню яркой и зажигательной, благодаря своему веселому звонкому звучанию. Громкий и ясный звук трещотки понравится подвижным и шумным малышам.";"";"Трещотка FLIGHT PERCUSSION FRB18";"";"";"treshchotka-flight-percussion-frb18";"";"";"";"";"";"";"http://dynatone.ru/images/base/arm99021362.png"
"Маракасы пластиковые FLIGHT FMP-21YL желтый";"";"39750";"RUB";"210";"1";"";"";"";"<strong>Маракасы </strong>-  шумовой музыкальный инструмент    кубинского происхождения. Они  используются в различных стилях    латиноамериканской танцевальной музыки, таких как сальса, ча-ча-ча,    меренге, самба.  Маракасы можно применять не  только в музыке, но и в    детских играх, как погремушки с приятным  шуршащим звуком.";"";"Маракасы пластиковые FLIGHT FMP-21YL желтый";"";"";"marakasy-plastikovye-flight-fmp-21yl-zheltyy";"";"";"";"";"";"";"http://dynatone.ru/images/base/arm99018135.jpeg"
"Тамбурин FLIGHT PERCUSSION FTHP / 4";"";"45329";"RUB";"140";"1";"";"";"";"<strong>Тамбурин </strong>– старинный ударный музыкальный инструмент,       в Европе был известен еще до времен Крестовых походов. Позднее  стал      применяться в духовой и симфонической музыке. Тамбурин  используется  в     качестве ритмообразующего инструмента при  тарантеллах и других   танцах, а    также при исполнении народных и  военных песен или в   оркестре.  ";"";"Тамбурин FLIGHT PERCUSSION FTHP / 4";"";"";"tamburin-flight-percussion-fthp--4";"";"";"";"";"Китай";"";"http://dynatone.ru/images/base/arm345329.png"
"Перкуссионный набор FLIGHT PERCUSSION FPS-17C";"";"45345";"RUB";"4850";"1";"";"";"";"";"";"Перкуссионный набор FLIGHT PERCUSSION FPS-17C";"";"";"perkussionnyy-nabor-flight-percussion-fps-17c";"";"";"";"";"";"";"http://dynatone.ru/images/base/arm345345.png"
"Перкуссионный набор FLIGHT PERCUSSION FPST / 4";"";"45343";"RUB";"3290";"1";"";"";"";"Детская перкуссионная установка <strong>FLIGHT FPST-4</strong> представляет собой набор простых ударных музыкальных инструментов,  удобно расположенных на небольшом овальном столике. Среди них:  металлофон с 8-ю цветными нотами и 2-мя деревянными палочками,  треугольник на держателе с палочкой, тамбурин,  тарелка. ";"";"Перкуссионный набор FLIGHT PERCUSSION FPST / 4";"";"";"perkussionnyy-nabor-flight-percussion-fpst--4";"";"";"";"";"";"";"http://dynatone.ru/images/base/arm345343.png"
"Перкуссионный набор FLIGHT PERCUSSION FPS / 12";"";"45344";"RUB";"3240";"1";"";"";"";"Перкуссионный набор – это набор ударных музыкальных инструментов, не  являющихся классическими, как правило, это этнические ударные  инструменты.";"";"Перкуссионный набор FLIGHT PERCUSSION FPS / 12";"";"";"perkussionnyy-nabor-flight-percussion-fps--12";"";"";"";"";"";"";"http://dynatone.ru/images/base/arm345344.png"
"FLIGHT PERCUSSION FGNG-1 - Гонг";"";"36188";"RUB";"1390";"1";"";"";"";"<strong>Гонг</strong> —  традиционный древнекитайский самозвучащий ударный музыкальный инструмент, принадлежит к металлическим идиофонам с неопределённой высотой звучания.";"";"FLIGHT PERCUSSION FGNG-1 - Гонг";"";"";"flight-percussion-fgng-1---gong";"";"";"";"";"";"";"http://dynatone.ru/images/base/arm99014487.jpg"
"Набор перкуссии из 3 предметов FLIGHT FPS-3Y";"";"36204";"RUB";"1150";"1";"";"";"";"Перкуссионный  набор – это набор ударных музыкальных инструментов, не  являющихся  классическими, как правило, это этнические ударные  инструменты.";"";"Набор перкуссии из 3 предметов FLIGHT FPS-3Y";"";"";"nabor-perkussii-iz-3-predmetov-flight-fps-3y";"";"";"";"";"";"";"http://dynatone.ru/images/base/arm99014503.jpg"
"Набор перкуссии из 3 предметов FLIGHT FPS-3P";"";"36201";"RUB";"1150";"1";"";"";"";"Перкуссионный  набор – это набор ударных музыкальных инструментов, не  являющихся  классическими, как правило, это этнические ударные  инструменты.";"";"Набор перкуссии из 3 предметов FLIGHT FPS-3P";"";"";"nabor-perkussii-iz-3-predmetov-flight-fps-3p";"";"";"";"";"";"";"http://dynatone.ru/images/base/arm99014500.jpg"
"Набор перкуссии из 3 предметов FLIGHT FPS-3G";"";"36203";"RUB";"1150";"1";"";"";"";"Перкуссионный  набор – это набор ударных музыкальных инструментов, не являющихся  классическими, как правило, это этнические ударные инструменты.";"";"Набор перкуссии из 3 предметов FLIGHT FPS-3G";"";"";"nabor-perkussii-iz-3-predmetov-flight-fps-3g";"";"";"";"";"";"";"http://dynatone.ru/images/base/arm99014502.jpg"
"Трещотка FLIGHT PERCUSSION FRAD-9";"";"36637";"RUB";"940";"1";"";"";"";"<strong>Трещотка </strong>- один из самых популярных ударных музыкальных инструментов, знакомый всем еще с детства. Традиционно <strong>трещотки </strong>изготавливаются из деревянных пластин, соединённых прочным полимерным шнуром. Между пластинами находятся специальные деревянные перемычки, которые определяют громкость и тембр инструмента. Играть на трещотке не сложно: нужно взять её обеими руками за крайние пластины, раскрыть и быстро сжать руки в исходное положение. Можно так же взять её обеими руками за крайние пластины, и поочерёдно передвигать руки вверх и вниз. Громкость звучания будет зависеть от скорости и интенсивности ваших движений.";"";"Трещотка FLIGHT PERCUSSION FRAD-9";"";"";"treshchotka-flight-percussion-frad-9";"";"";"";"";"Китай";"";"http://dynatone.ru/images/base/arm99014943.png"
"Бубен FLIGHT PERCUSSION FLD-20";"";"36157";"RUB";"800";"1";"";"";"";"<br>Детский ручной барабан (бубен) <strong>FLIGHT PERCUSSION FLD-20</strong> имеет удобную ручку. Так же в комплекте идет специальноя палочка для игры.";"";"Бубен FLIGHT PERCUSSION FLD-20";"";"";"buben-flight-percussion-fld-20";"";"";"";"";"Китай";"";"http://dynatone.ru/images/base/arm99014456.jpg"
"Металлофон FLIGHT PERCUSSION FM8-2";"";"36216";"RUB";"780";"1";"";"";"";"<strong>Металлофон</strong> - ударный музыкальный инструмент, является одной из разновидностей ксилофонов. Представляет собой ряд металлических пластин, настроенных на определённые ноты, по которым ударяют палочками. Обладает ярким, чистым звуком.  Инструмент может использоваться как соло, так и в ансамбле.                          ";"";"Металлофон FLIGHT PERCUSSION FM8-2";"";"";"metallofon-flight-percussion-fm8-2";"";"";"";"";"Китай";"";"http://dynatone.ru/images/base/arm99014515.jpg"
"Гуиро FLIGHT PERCUSSION FGU-36";"";"36226";"RUB";"750";"1";"";"";"";"<strong>Гуиро  </strong>– ударно-шумовой инструмент, пришедший к нам  от индейцев Латинской  Америки. Индейцы изготавливали его из высушенной  тыквы, наполненной  камешками, сухими семенами или другими твёрдыми  мелкими предметами. В  наши дни гуиро изготавливают также из металла,  пластика и дерева. Он  представляет собой пустотелый сосуд с засечками  на одной стороне и с резонансным отверстием с другой. Играют на нем с  помощью палочки,  называющейся пуэ. Инструмент широко распространен, его  используют многие  современные группы, он входит в состав  симфонического оркестра.";"";"Гуиро FLIGHT PERCUSSION FGU-36";"";"";"guiro-flight-percussion-fgu-36";"";"";"";"";"Китай";"";"http://dynatone.ru/images/base/arm99014525.jpg"
"Мульти-тон FLIGHT PERCUSSION FMT-1";"";"36189";"RUB";"720";"1";"";"";"";"<strong>Мульти-тон</strong> <strong>FLIGHT PERCUSSION FMT-1</strong> сделан из дерева, цвет - натуральный. Он поможет ребенку дать понятие о высоких и низких тонах и выработать чувство ритма. Может использоваться в детских группах как перкуссионный эффект. Палочка для игры прилагается.";"";"Мульти-тон FLIGHT PERCUSSION FMT-1";"";"";"multi-ton-flight-percussion-fmt-1";"";"";"";"";"";"";"http://dynatone.ru/images/base/arm99014488.jpg"
"Тамбурин FLIGHT PERCUSSION FTHP / 16D";"";"45330";"RUB";"710";"1";"";"";"";"<strong>Тамбурин </strong>– старинный ударный музыкальный инструмент,       в Европе был известен еще до времен Крестовых походов. Позднее  стал      применяться в духовой и симфонической музыке. Тамбурин  используется  в     качестве ритмообразующего инструмента при  тарантеллах и других   танцах, а    также при исполнении народных и  военных песен или в   оркестре.  ";"";"Тамбурин FLIGHT PERCUSSION FTHP / 16D";"";"";"tamburin-flight-percussion-fthp--16d";"";"";"";"";"Китай";"";"http://dynatone.ru/images/base/arm345330.png"
"Ксилофон FLIGHT PERCUSSION FX / 8C";"";"45339";"RUB";"650";"1";"";"";"";"<strong>Ксилофон </strong>– ударный музыкальный инструмент,   имеет древнее происхождение — простейшие инструменты подобного типа   встречаются у разных народов Африки, Юго-Восточной Азии и Латинской   Америки. В Европе первые упоминания о ксилофоне датируются началом XVI   века. Представляет собой ряд деревянных брусков разной величины,   настроенных на определённые ноты, по которым ударяют палочками.   Инструмент может использоваться как соло, так и в ансамбле. Ксилофон   поможет развить музыкальный слух ребенка, чувство ритма, и при этом   настолько легок в применении, что даже у малыша, не владеющего нотами,   обязательно получится мелодия.";"";"Ксилофон FLIGHT PERCUSSION FX / 8C";"";"";"ksilofon-flight-percussion-fx--8c";"";"";"";"";"Китай";"";"http://dynatone.ru/images/base/arm345339.png"
"Ксилофон FLIGHT PERCUSSION FX-8";"";"45338";"RUB";"650";"1";"";"";"";"<strong>Ксилофон </strong>– ударный музыкальный инструмент,  имеет древнее происхождение — простейшие инструменты подобного типа  встречаются у разных народов Африки, Юго-Восточной Азии и Латинской  Америки. В Европе первые упоминания о ксилофоне датируются началом XVI  века. Представляет собой ряд деревянных брусков разной величины,  настроенных на определённые ноты, по которым ударяют палочками.  Инструмент может использоваться как соло, так и в ансамбле. Ксилофон  поможет развить музыкальный слух ребенка, чувство ритма, и при этом  настолько легок в применении, что даже у малыша, не владеющего нотами,  обязательно получится мелодия.";"";"Ксилофон FLIGHT PERCUSSION FX-8";"";"";"ksilofon-flight-percussion-fx-8";"";"";"";"";"Китай";"";"http://dynatone.ru/images/base/arm345338.png"
"Деревянные маракасы FLIGHT FMWD-205, цвета в ассортименте";"";"36161";"RUB";"630";"1";"";"";"";"<strong>Маракасы </strong>-  шумовой музыкальный инструмент   кубинского происхождения. Они  используются в различных стилях   латиноамериканской танцевальной музыки, таких как сальса, ча-ча-ча,   меренге, самба.  Маракасы можно применять не  только в музыке, но и в   детских играх, как погремушки с приятным  шуршащим звуком.";"";"Деревянные маракасы FLIGHT FMWD-205, цвета в ассортименте";"";"";"derevyannye-marakasy-flight-fmwd-205-tsveta-v-assortimente";"";"";"";"";"";"";"http://dynatone.ru/images/base/arm99014460.jpg"
"Трещотка FLIGHT PERCUSSION HAEXC-26";"";"42526";"RUB";"600";"1";"";"";"";"<strong>Кокирико  </strong>– японский народный инструмент -  разновидность пластинчатых  трещоток. Представляет собой набор из  прямоугольных тонких  пластинок. Они соединяются между собой плотной  верёвкой, продетой в  отверстия дощечек. Трещотка держится за короткие  ручки  двумя руками, резкие  или плавные движения позволяют издавать  различные  звуки. Используется  для ритмического сопровождения народных  танцев и  песен.";"";"Трещотка FLIGHT PERCUSSION HAEXC-26";"";"";"treshchotka-flight-percussion-haexc-26";"";"";"";"";"Китай";"";"http://dynatone.ru/images/base/arm99020941.jpeg"
"Шумовой эффект FLIGHT PERCUSSION FTM-22";"";"45331";"RUB";"590";"1";"";"";"";"Спринг Драм (ЭФФЕКТ ГРОЗЫ) необычный музыкальный инструмент, этническая  перкуссия. При легком покачивании раздаются реалистичные звуки  приближающейся грозы! С его помощью можно создавать  сложное и интересное музыкальное  сопровождение  для рассказывания  историй, придавать природный и  этнический колорит музыкальным  композициям.";"";"Шумовой эффект FLIGHT PERCUSSION FTM-22";"";"";"shumovoy-effekt-flight-percussion-ftm-22";"";"";"";"";"Китай";"";"http://dynatone.ru/images/base/arm345331.png"
"Пластиковый шейкер FLIGHT FM-06";"";"36088";"RUB";"550";"1";"";"";"";"Шейкеры <strong>FLIGHT </strong>прекрасно дополнят любой набор    перкуссии или коллекцию игрушек благодаря приятным цветам и яркому    четкому звучанию. Эти шейкеры выглядят как настоящие овощи и  заполнены  специальным сыпучим материалом.";"";"Пластиковый шейкер FLIGHT FM-06";"";"";"plastikovyy-sheyker-flight-fm-06";"";"";"";"";"";"";"http://dynatone.ru/images/base/arm99014386.jpeg"
"Пластиковый шейкер FLIGHT FM-04";"";"36087";"RUB";"550";"1";"";"";"";"Шейкеры <strong>FLIGHT </strong>прекрасно дополнят любой набор    перкуссии или коллекцию игрушек благодаря приятным цветам и яркому    четкому звучанию. Эти шейкеры выглядят как настоящие фрукты и  заполнены  специальным сыпучим материалом.";"";"Пластиковый шейкер FLIGHT FM-04";"";"";"plastikovyy-sheyker-flight-fm-04";"";"";"";"";"";"";"http://dynatone.ru/images/base/arm99014385.jpeg"
"Маракасы FLIGHT FMP-255Y";"";"36163";"RUB";"510";"1";"";"";"";"<strong>Маракасы </strong>-  шумовой музыкальный инструмент   кубинского происхождения. Они  используются в различных стилях   латиноамериканской танцевальной музыки, таких как сальса, ча-ча-ча,   меренге, самба.  Маракасы можно применять не  только в музыке, но и в   детских играх, как погремушки с приятным  шуршащим звуком.";"";"Маракасы FLIGHT FMP-255Y";"";"";"marakasy-flight-fmp-255y";"";"";"";"";"";"";"http://dynatone.ru/images/base/arm99014462.jpg"
"Маракасы FLIGHT FMP-255O";"";"36171";"RUB";"510";"1";"";"";"";"<strong>Маракасы </strong>-  шумовой музыкальный инструмент   кубинского происхождения. Они  используются в различных стилях   латиноамериканской танцевальной музыки, таких как сальса, ча-ча-ча,   меренге, самба.  Маракасы можно применять не  только в музыке, но и в   детских играх, как погремушки с приятным  шуршащим звуком.";"";"Маракасы FLIGHT FMP-255O";"";"";"marakasy-flight-fmp-255o";"";"";"";"";"";"";"http://dynatone.ru/images/base/arm99014470.jpg"
"Маракасы FLIGHT FMP-255B";"";"36170";"RUB";"510";"1";"";"";"";"<strong>Маракасы </strong>-  шумовой музыкальный инструмент  кубинского происхождения. Они  используются в различных стилях  латиноамериканской танцевальной музыки, таких как сальса, ча-ча-ча,  меренге, самба.  Маракасы можно применять не  только в музыке, но и в  детских играх, как погремушки с приятным  шуршащим звуком.";"";"Маракасы FLIGHT FMP-255B";"";"";"marakasy-flight-fmp-255b";"";"";"";"";"";"";"http://dynatone.ru/images/base/arm99014469.jpg"
"Тамбурин без мембраны FLIGHT FTH 10-8";"";"39729";"RUB";"450";"1";"";"";"";"Тамбурин без мембраны <strong>FLIGHT FTH 10-8</strong> имеет крепкий корпус диаметром 10 дюймов(25 см) и хороший искрящий звук, который получается благодаря 8 звонким металлическим тарелочкам-джинглам. Джинглы закреплены сбоку на ободе в один ряд.";"";"Тамбурин без мембраны FLIGHT FTH 10-8";"";"";"tamburin-bez-membrany-flight-fth-10-8";"";"";"";"";"Китай";"";"http://dynatone.ru/images/base/arm99018114.jpg"
"Кастаньеты FLIGHT PERCUSSION FCW-9";"";"45321";"RUB";"380";"1";"";"";"";"<strong>Кастаньеты</strong> -  ударный музыкальный инструмент,  распространённый в Испании, Италии и странах Латинской Америки. В  современной музыке кастаньеты широко  применяются в латиноамериканской  танцевальной музыке, например,   фламенко.";"";"Кастаньеты FLIGHT PERCUSSION FCW-9";"";"";"kastanety-flight-percussion-fcw-9";"";"";"";"";"Китай";"";"http://dynatone.ru/images/base/arm345321.png"
"!!Ударные и шумовые инструменты";"";"";"";"";"";"";"";"";"";"";"";"";"";"";"";"";"";"";"";""
"Тамбурин FLIGHT PERCUSSION FTH 8-12";"";"36142";"RUB";"420";"1";"";"";"";"Тамбурин без мембраны <strong>FLIGHT FTH 8-12</strong> имеет крепкий корпус диаметром 8 дюймов(20 см) и хороший искрящий звук, который получается благодаря 12 звонким металлическим тарелочкам-джинглам. Джинглы закреплены сбоку на ободе в два ряда.";"";"Тамбурин FLIGHT PERCUSSION FTH 8-12";"";"";"tamburin-flight-percussion-fth-8-12";"";"";"";"";"Китай";"";"http://dynatone.ru/images/base/arm99014441.jpg"
"Тамбурин FLIGHT PERCUSSION FT 8-5";"";"36135";"RUB";"420";"1";"";"";"";"<strong>Тамбурин </strong>– старинный ударный музыкальный инструмент,   в Европе был известен еще до времен Крестовых походов. Позднее стал   применяться в духовой и симфонической музыке. Тамбурин используется в   качестве ритмообразующего инструмента при тарантеллах и других танцах, а   также при исполнении народных и военных песен или в оркестре.  ";"";"Тамбурин FLIGHT PERCUSSION FT 8-5";"";"";"tamburin-flight-percussion-ft-8-5";"";"";"";"";"Китай";"";"http://dynatone.ru/images/base/arm99014434.png"
"Тамбурин FLIGHT FT 7-4 с 4 джинглами, Размер: 7' (18cм)";"";"36136";"RUB";"390";"1";"";"";"";"<strong>Тамбурин </strong>– старинный ударный музыкальный инструмент,   в Европе был известен еще до времен Крестовых походов. Позднее стал   применяться в духовой и симфонической музыке. Тамбурин используется в   качестве ритмообразующего инструмента при тарантеллах и других танцах, а   также при исполнении народных и военных песен или в оркестре.  ";"";"Тамбурин FLIGHT FT 7-4 с 4 джинглами, Размер: 7' (18cм)";"";"";"tamburin-flight-ft-7-4-s-4-dzhinglami-razmer-739-18cm";"";"";"";"";"Китай";"";"http://dynatone.ru/images/base/arm99014435.jpg"
"Тамбурин без мембраны FLIGHT FTH 8-5";"";"39727";"RUB";"370";"1";"";"";"";"Тамбурин без мембраны <strong>FLIGHT FTH 8-5</strong> имеет крепкий корпус диаметром 8 дюймов(20 см) и хороший искрящий звук, который получается благодаря 5 звонким металлическим тарелочкам-джинглам. Джинглы закреплены сбоку на ободе в один ряд.";"";"Тамбурин без мембраны FLIGHT FTH 8-5";"";"";"tamburin-bez-membrany-flight-fth-8-5";"";"";"";"";"Китай";"";"http://dynatone.ru/images/base/arm99018112.jpg"
"Тамбурин FLIGHT PERCUSSION FT 6-4";"";"36137";"RUB";"330";"1";"";"";"";"<strong>Тамбурин </strong>– старинный ударный музыкальный инструмент,  в Европе был известен еще до времен Крестовых походов. Позднее стал  применяться в духовой и симфонической музыке. Тамбурин используется в  качестве ритмообразующего инструмента при тарантеллах и других танцах, а  также при исполнении народных и военных песен или в оркестре.  ";"";"Тамбурин FLIGHT PERCUSSION FT 6-4";"";"";"tamburin-flight-percussion-ft-6-4";"";"";"";"";"Китай";"";"http://dynatone.ru/images/base/arm99014436.png"
"Джингл-стик FLIGHT PERCUSSION FJSW-6N";"";"36235";"RUB";"310";"1";"";"";"";"<strong>Джингл-стик</strong> – ударный музыкальный инструмент с  неопределенной звуковысотностью. Представляет собой палочку с  закреплёнными на ней джинглами (металлическими тарелочками), чаще всего  изготавливается из дерева или пластика. Инструмент можно использовать  как палочку при игре на различных ударных инструментах или вместо  тамбурина без мембраны.";"";"Джингл-стик FLIGHT PERCUSSION FJSW-6N";"";"";"dzhingl-stik-flight-percussion-fjsw-6n";"";"";"";"";"Китай";"";"http://dynatone.ru/images/base/arm99014534.jpg"
"Треугольник FLIGHT PERCUSSION FTR-7";"";"36178";"RUB";"300";"1";"";"";"";"<strong>Треугольник </strong>- пришедший с Востока музыкальный  инструмент, в Европе популярен более двухсот лет и используется наряду с  другими перкуссионными инструментами в симфонических оркестрах. Он  подвешивается за один из углов на тонкой проволоке или тесьме, которую  держат в руке или прикрепляют к пюпитру. По треугольнику ударяют  металлической палочкой: при легком ударе звук получается нежный,  “воздушный”, а при сильном — яркий, кристаллический.";"";"Треугольник FLIGHT PERCUSSION FTR-7";"";"";"treugolnik-flight-percussion-ftr-7";"";"";"";"";"Китай";"";"http://dynatone.ru/images/base/arm99014477.jpg"
"Треугольник FLIGHT PERCUSSION FTR-6";"";"36177";"RUB";"260";"1";"";"";"";"<strong>Треугольник </strong>- пришедший с Востока музыкальный  инструмент, в Европе популярен более двухсот лет и используется наряду с  другими перкуссионными инструментами в симфонических оркестрах. Он  подвешивается за один из углов на тонкой проволоке или тесьме, которую  держат в руке или прикрепляют к пюпитру. По треугольнику ударяют  металлической палочкой: при легком ударе звук получается нежный,  “воздушный”, а при сильном — яркий, кристаллический.";"";"Треугольник FLIGHT PERCUSSION FTR-6";"";"";"treugolnik-flight-percussion-ftr-6";"";"";"";"";"Китай";"";"http://dynatone.ru/images/base/arm99014476.jpg"
"Тон-блок FLIGHT PERCUSSION FBL-205";"";"36191";"RUB";"230";"1";"";"";"";"<strong>Тон-блок FLIGHT FBL-205</strong> обладает очень звонким и ярким звучанием и имеет два тона.";"";"Тон-блок FLIGHT PERCUSSION FBL-205";"";"";"ton-blok-flight-percussion-fbl-205";"";"";"";"";"";"";"http://dynatone.ru/images/base/arm99014490.jpg"
"Треугольник FLIGHT PERCUSSION FTR-5";"";"36176";"RUB";"220";"1";"";"";"";"<strong>Треугольник </strong>- пришедший с Востока музыкальный  инструмент, в Европе популярен более двухсот лет и используется наряду с  другими перкуссионными инструментами в симфонических оркестрах. Он  подвешивается за один из углов на тонкой проволоке или тесьме, которую  держат в руке или прикрепляют к пюпитру. По треугольнику ударяют  металлической палочкой: при легком ударе звук получается нежный,  “воздушный”, а при сильном — яркий, кристаллический.";"";"Треугольник FLIGHT PERCUSSION FTR-5";"";"";"treugolnik-flight-percussion-ftr-5";"";"";"";"";"Китай";"";"http://dynatone.ru/images/base/arm99014475.jpg"
"Треугольник FLIGHT PERCUSSION FTR-4";"";"36175";"RUB";"190";"1";"";"";"";"<strong>Треугольник </strong>- пришедший с Востока музыкальный  инструмент, в Европе популярен более двухсот лет и используется наряду с  другими перкуссионными инструментами в симфонических оркестрах. Он  подвешивается за один из углов на тонкой проволоке или тесьме, которую  держат в руке или прикрепляют к пюпитру. По треугольнику ударяют  металлической палочкой: при легком ударе звук получается нежный,  “воздушный”, а при сильном — яркий, кристаллический.";"";"Треугольник FLIGHT PERCUSSION FTR-4";"";"";"treugolnik-flight-percussion-ftr-4";"";"";"";"";"Китай";"";"http://dynatone.ru/images/base/arm99014474.jpg"
"Кастаньеты FLIGHT PERCUSSION FCP-55F";"";"45320";"RUB";"120";"1";"";"";"";"<strong>Кастаньеты</strong> -  ударный музыкальный инструмент, распространённый в Испании, Италии и странах Латинской Америки. В современной музыке кастаньеты широко  применяются в латиноамериканской танцевальной музыке, например,   фламенко.";"";"Кастаньеты FLIGHT PERCUSSION FCP-55F";"";"";"kastanety-flight-percussion-fcp-55f";"";"";"";"";"Китай";"";"http://dynatone.ru/images/base/arm345320.png"
"Кастаньеты FLIGHT PERCUSSION FCP-55";"";"36184";"RUB";"120";"1";"";"";"";"<strong>Кастаньеты</strong> -  ударный музыкальный инструмент, распространённый  в Испании, Италии и странах Латинской Америки. В современной музыке  кастаньеты широко  применяются в латиноамериканской танцевальной музыке,  например,   фламенко.";"";"Кастаньеты FLIGHT PERCUSSION FCP-55";"";"";"kastanety-flight-percussion-fcp-55";"";"";"";"";"Китай";"";"http://dynatone.ru/images/base/arm99014483.jpg"
"Бубенцы ручные FLIGHT PERCUSSION FABS4-20";"";"36214";"RUB";"2380";"1";"";"";"";"<strong>Бубенцы</strong> - небольшая металлическая погремушка, представляет собой полый шарик с  маленьким цельным шариком (несколькими шариками) внутри, позванивающая при встряхивании. Они могут использоваться для ритмического сопровождения танцев, плясок, игр. Игра на них развивает чувство ритма,  творчество, моторику. С помощью браслетов, можно создать музыкальную картину зимнего леса, тройки с бубенцами, или перенестись в жаркую Индию и превратиться в исполнителя индийских танцев.";"";"Бубенцы ручные FLIGHT PERCUSSION FABS4-20";"";"";"bubentsy-ruchnye-flight-percussion-fabs4-20";"";"";"";"";"Китай";"";"http://dynatone.ru/images/base/arm99014513.png"
"Набор перкуссии из 6 предметов FLIGHT FPS-6V";"";"36207";"RUB";"2340";"1";"";"";"";"Перкуссионный набор – это набор ударных музыкальных инструментов, не являющихся  классическими, как правило, это этнические ударные инструменты.";"";"Набор перкуссии из 6 предметов FLIGHT FPS-6V";"";"";"nabor-perkussii-iz-6-predmetov-flight-fps-6v";"";"";"";"";"";"";"http://dynatone.ru/images/base/arm99014506.jpg"
"Шейкер FLIGHT PERCUSSION FES-40";"";"36202";"RUB";"2000";"1";"";"";"";"Набор шейкеров <strong>FLIGHT </strong>прекрасно дополнит любую коллекцию игрушек благодаря приятным цветам и яркому   четкому звучанию. Идеальное решение для детского сада или музыкального коллектива.";"";"Шейкер FLIGHT PERCUSSION FES-40";"";"";"sheyker-flight-percussion-fes-40";"";"";"";"";"";"";"http://dynatone.ru/images/base/arm99014501.jpg"
"Набор перкуссии из 5 предметов FLIGHT FPS-5G";"";"36209";"RUB";"1540";"1";"";"";"";"Перкуссионный набор – это набор ударных музыкальных инструментов, не являющихся классическими, как правило, это этнические ударные инструменты.";"";"Набор перкуссии из 5 предметов FLIGHT FPS-5G";"";"";"nabor-perkussii-iz-5-predmetov-flight-fps-5g";"";"";"";"";"";"";"http://dynatone.ru/images/base/arm99014508.jpg"
"Ксилофон FLIGHT PERCUSSION FX / 12N";"";"45431";"RUB";"1240";"1";"";"";"";"<strong>Ксилофон </strong>– ударный музыкальный инструмент,    имеет древнее происхождение — простейшие инструменты подобного типа    встречаются у разных народов Африки, Юго-Восточной Азии и Латинской    Америки. В Европе первые упоминания о ксилофоне датируются началом XVI    века. Представляет собой ряд деревянных брусков разной величины,    настроенных на определённые ноты, по которым ударяют палочками.    Инструмент может использоваться как соло, так и в ансамбле. Ксилофон    поможет развить музыкальный слух ребенка, чувство ритма, и при этом    настолько легок в применении, что даже у малыша, не владеющего нотами,    обязательно получится мелодия.";"";"Ксилофон FLIGHT PERCUSSION FX / 12N";"";"";"ksilofon-flight-percussion-fx--12n";"";"";"";"";"Китай";"";"http://dynatone.ru/images/base/arm345431.png"
"Гуиро FLIGHT PERCUSSION FGU-32Fi";"";"36225";"RUB";"710";"1";"";"";"";"<strong>Гуиро  </strong>– ударно-шумовой инструмент, пришедший к нам от индейцев Латинской Америки. Индейцы изготавливали его из высушенной тыквы, наполненной камешками, сухими семенами или другими твёрдыми мелкими предметами. В наши дни гуиро изготавливают также из металла, пластика и дерева. Он представляет собой пустотелый сосуд с засечками на одной стороне и с резонансным отверстием с другой. Играют на нем с помощью палочки, называющейся пуэ. Инструмент широко распространен, его используют многие современные группы, он входит в состав симфонического оркестра.";"";"Гуиро FLIGHT PERCUSSION FGU-32Fi";"";"";"guiro-flight-percussion-fgu-32fi";"";"";"";"";"Китай";"";"http://dynatone.ru/images/base/arm99014524.jpg"
"Тамбурин без мембраны FLIGHT FTH 10-16";"";"39728";"RUB";"560";"1";"";"";"";"Тамбурин без мембраны <strong>FLIGHT FTH 10-16</strong> имеет крепкий корпус диаметром 10 дюймов(25 см) и хороший искрящий звук, который получается благодаря 16 звонким металлическим тарелочкам-джинглам. Джинглы закреплены сбоку на ободе в два ряда.";"";"Тамбурин без мембраны FLIGHT FTH 10-16";"";"";"tamburin-bez-membrany-flight-fth-10-16";"";"";"";"";"Китай";"";"http://dynatone.ru/images/base/arm99018113.jpg"
"Маракасы FLIGHT PERCUSSION FMW / 19R";"";"45334";"RUB";"560";"1";"";"";"";"<strong>Маракасы </strong>-  шумовой музыкальный инструмент    кубинского происхождения. Они  используются в различных стилях    латиноамериканской танцевальной музыки, таких как сальса, ча-ча-ча,    меренге, самба.  Маракасы можно применять не  только в музыке, но и в    детских играх, как погремушки с приятным  шуршащим звуком.";"";"Маракасы FLIGHT PERCUSSION FMW / 19R";"";"";"marakasy-flight-percussion-fmw--19r";"";"";"";"";"";"";"http://dynatone.ru/images/base/arm345334.png"
"Пластиковый шейкер FLIGHT FM-07";"";"36089";"RUB";"550";"1";"";"";"";"Шейкеры <strong>FLIGHT </strong>прекрасно дополнят любой набор    перкуссии или коллекцию игрушек благодаря приятным цветам и яркому    четкому звучанию. Эти шейкеры выглядят как настоящие фрукты и  заполнены  специальным сыпучим материалом.";"";"Пластиковый шейкер FLIGHT FM-07";"";"";"plastikovyy-sheyker-flight-fm-07";"";"";"";"";"";"";"http://dynatone.ru/images/base/arm99014387.jpeg"
"Пластиковый шейкер FLIGHT FM-03";"";"36086";"RUB";"550";"1";"";"";"";"Шейкеры <strong>FLIGHT </strong>прекрасно дополнят любой набор    перкуссии или коллекцию игрушек благодаря приятным цветам и яркому    четкому звучанию. Эти шейкеры выглядят как настоящие фрукты и  заполнены  специальным сыпучим материалом.";"";"Пластиковый шейкер FLIGHT FM-03";"";"";"plastikovyy-sheyker-flight-fm-03";"";"";"";"";"";"";"http://dynatone.ru/images/base/arm99014384.jpeg"
"Тамбурин FLIGHT FT 8-5V";"";"36129";"RUB";"460";"1";"";"";"";"<strong>Тамбурин </strong>– старинный ударный музыкальный инструмент,    в Европе был известен еще до времен Крестовых походов. Позднее стал    применяться в духовой и симфонической музыке. Тамбурин используется в    качестве ритмообразующего инструмента при тарантеллах и других танцах, а    также при исполнении народных и военных песен или в оркестре.  ";"";"Тамбурин FLIGHT FT 8-5V";"";"";"tamburin-flight-ft-8-5v";"";"";"";"";"Китай";"";"http://dynatone.ru/images/base/arm99014428.jpg"
"Тон-блок FLIGHT PERCUSSION FBL-265";"";"36190";"RUB";"430";"1";"";"";"";"<strong>Тон-блок FLIGHT FBL-265</strong> обладает очень звонким и ярким звучанием и имеет два тона. Данная  модель сделана из дерева, цвет - натуральный. Инструмент имеет вид 2-х цилиндров с насечками по кругу. Цилиндры закреплены на ручке с подставкой. Играющий на тон-блоке человек извлекает звуки, проводя  палочкой по насечкам или ударяя по цилиндрам. Палочка для игры прилагается.";"";"Тон-блок FLIGHT PERCUSSION FBL-265";"";"";"ton-blok-flight-percussion-fbl-265";"";"";"";"";"";"";"http://dynatone.ru/images/base/arm99014489.jpg"
"Треугольник FLIGHT PERCUSSION FTR-10";"";"36180";"RUB";"420";"1";"";"";"";"<strong>Треугольник </strong>- пришедший с Востока музыкальный инструмент, в Европе популярен более двухсот лет и используется наряду с другими перкуссионными инструментами в симфонических оркестрах. Он подвешивается за один из углов на тонкой проволоке или тесьме, которую держат в руке или прикрепляют к пюпитру. По треугольнику ударяют металлической палочкой: при легком ударе звук получается нежный, “воздушный”, а при сильном — яркий, кристаллический.";"";"Треугольник FLIGHT PERCUSSION FTR-10";"";"";"treugolnik-flight-percussion-ftr-10";"";"";"";"";"Китай";"";"http://dynatone.ru/images/base/arm99014479.jpg"
"Трещотка FLIGHT PERCUSSION FKO / 2";"";"45319";"RUB";"400";"1";"";"";"";"<strong>Кокирико  </strong>– японский народный инструмент - разновидность пластинчатых  трещоток. Представляет собой набор из прямоугольных тонких  пластинок. Они соединяются между собой плотной верёвкой, продетой в  отверстия дощечек. Трещотка держится за короткие ручки  двумя руками, резкие  или плавные движения позволяют издавать различные  звуки. Используется  для ритмического сопровождения народных танцев и  песен.";"";"Трещотка FLIGHT PERCUSSION FKO / 2";"";"";"treshchotka-flight-percussion-fko--2";"";"";"";"";"Китай";"";"http://dynatone.ru/images/base/arm345319.png"
"Кастаньеты на ручке FLIGHT TC-40B большие";"";"32725";"RUB";"400";"1";"";"";"";"";"";"Кастаньеты на ручке FLIGHT TC-40B большие";"";"";"kastanety-na-ruchke-flight-tc-40b-bolshie";"";"";"";"";"";"";"http://dynatone.ru/images/base/arm99010927.JPG"
"Шейкер FLIGHT PERCUSSION FESW / 2";"";"45333";"RUB";"330";"1";"";"";"";"<strong>Шейкер </strong>- это ударный музыкальный инструмент, используемый для  создания ритмов, а также придания музыке оригинального звучания.  Представляет собой  закрытую емкость из твёрдого материала, частично  наполненную мелким  сыпучим содержимым. Шейкеры имеют разнообразные  размеры, форму и вид, и часто используются в популярных и традиционных  музыкальных направлениях.";"";"Шейкер FLIGHT PERCUSSION FESW / 2";"";"";"sheyker-flight-percussion-fesw--2";"";"";"";"";"Китай";"";"http://dynatone.ru/images/base/arm345333.png"
"Кастаньеты FLIGHT TC-27W";"";"11633";"RUB";"300";"1";"";"";"";"Материал: дерево";"";"Кастаньеты FLIGHT TC-27W";"";"";"kastanety-flight-tc-27w";"";"";"";"";"";"";"http://dynatone.ru/images/base/arm101949.jpg"
"!!Ударные и шумовые инструменты";"";"";"";"";"";"";"";"";"";"";"";"";"";"";"";"";"";"";"";""
"Калимба FLIGHT PERCUSSION AFC-01";"";"32683";"RUB";"1770";"1";"";"";"";"<strong>Калимба FLIGHT PERCUSSION AFC-01</strong> имеет корпус с   полостным резонатором, иготовленная из дерева. Плоское основание <strong>калимбы </strong>позволяет положить инструмент на деревянный стол – при необходимости так можно усилить звучание.";"";"Калимба FLIGHT PERCUSSION AFC-01";"";"";"kalimba-flight-percussion-afc-01";"";"";"";"";"";"";"http://dynatone.ru/images/base/arm99010885.jpg"
"Кабаса FLIGHT PERCUSSION FCBS-115";"";"36196";"RUB";"1660";"1";"";"";"";"<strong>КАБАСА </strong>- бразильский шумовой музыкальный инструмент. Звук извлекается из металлического цилиндра с насечками трением металлических шариков, нанизанных на несколько проволочных колец.";"";"Кабаса FLIGHT PERCUSSION FCBS-115";"";"";"kabasa-flight-percussion-fcbs-115";"";"";"";"";"Китай";"";"http://dynatone.ru/images/base/arm99014495.jpg"
"Ксилофон FLIGHT FX-15";"";"36224";"RUB";"1350";"1";"";"";"";"<span><strong>Ксилофон </strong>– ударный музыкальный инструмент, имеет древнее происхождение — простейшие инструменты подобного типа встречаются у разных народов Африки, Юго-Восточной Азии и Латинской Америки. В Европе первые упоминания о ксилофоне датируются началом XVI века. Представляет собой ряд деревянных брусков разной величины, настроенных на определённые ноты, по которым ударяют палочками. Инструмент может использоваться как соло, так и в ансамбле. Ксилофон поможет развить музыкальный слух ребенка, чувство ритма, и при этом настолько легок в применении, что даже у малыша, не владеющего нотами, обязательно получится мелодия.</span>";"";"Ксилофон FLIGHT FX-15";"";"";"ksilofon-flight-fx-15";"";"";"";"";"Китай";"";"http://dynatone.ru/images/base/arm99014523.jpg"
"Кабаса FLIGHT PERCUSSION FCBS-85";"";"36195";"RUB";"1300";"1";"";"";"";"<strong>КАБАСА </strong>- бразильский шумовой музыкальный инструмент.  Звук извлекается из металлического цилиндра с насечками трением  металлических шариков, нанизанных на несколько проволочных колец.";"";"Кабаса FLIGHT PERCUSSION FCBS-85";"";"";"kabasa-flight-percussion-fcbs-85";"";"";"";"";"Китай";"";"http://dynatone.ru/images/base/arm99014494.jpg"
"Металлофон FLIGHT PERCUSSION FM / 12-1";"";"45337";"RUB";"1230";"1";"";"";"";"<strong>Металлофон</strong> - ударный музыкальный инструмент,  является одной из разновидностей ксилофонов. Представляет собой ряд  металлических пластин, настроенных на определённые ноты, по которым  ударяют палочками. Обладает ярким, чистым звуком.  Инструмент может  использоваться как соло, так и в ансамбле.                       ";"";"Металлофон FLIGHT PERCUSSION FM / 12-1";"";"";"metallofon-flight-percussion-fm--12-1";"";"";"";"";"Китай";"";"http://dynatone.ru/images/base/arm345337.png"
"Ковбелл FLIGHT PERCUSSION FCOW-10";"";"36239";"RUB";"930";"1";"";"";"";"Металлический ковбелл <strong>FLIGHT PERCUSSION FCOW-10</strong> покрыт порошковой черной краской, производит  острый и пронизывающий звук. Можно использовать как в барабанной  установке, так и в другом наборе ударных инструментов.";"";"Ковбелл FLIGHT PERCUSSION FCOW-10";"";"";"kovbell-flight-percussion-fcow-10";"";"";"";"";"";"";"http://dynatone.ru/images/base/arm99014538.jpg"
"Этнический Металлофон FLIGHT FMP-30 + чехол";"";"42941";"RUB";"700";"1";"";"";"";"<strong>Металлофон</strong> - ударный музыкальный инструмент, является  одной из разновидностей ксилофонов. Представляет собой ряд металлических  пластин, настроенных на определённые ноты, по которым ударяют  палочками. Обладает ярким, чистым звуком. Украшен этническим точечным  орнаментальным рисунком.";"";"Этнический Металлофон FLIGHT FMP-30 + чехол";"";"";"etnicheskiy-metallofon-flight-fmp-30--chekhol";"";"";"";"";"Китай";"";"http://dynatone.ru/images/base/arm99021360.png"
"Гуиро FLIGHT PERCUSSION FGU-FRB";"";"36636";"RUB";"700";"1";"";"";"";"<strong>Гуиро  </strong>– ударно-шумовой инструмент, пришедший к нам  от  индейцев Латинской Америки. Индейцы изготавливали его из высушенной   тыквы, наполненной камешками, сухими семенами или другими твёрдыми   мелкими предметами. В наши дни гуиро изготавливают также из металла,   пластика и дерева. Он представляет собой пустотелый сосуд с засечками на   одной стороне и с резонансным отверстием с другой. Играют на нем с   помощью палочки, называющейся пуэ. Инструмент широко распространен, его   используют многие современные группы, он входит в состав симфонического   оркестра.";"";"Гуиро FLIGHT PERCUSSION FGU-FRB";"";"";"guiro-flight-percussion-fgu-frb";"";"";"";"";"Китай";"";"http://dynatone.ru/images/base/arm99014942.JPG"
"Агого FLIGHT PERCUSSION FAGO-3";"";"36192";"RUB";"660";"1";"";"";"";"<strong>Агого</strong> — бразильский народный музыкальный инструмент, берущий начало из африканских древних племён.  Представляет собой два или три разнотоновых колокольчика без  языков, соединенные металлической изогнутой ручкой. Изначально делался и иногда встречается и в наше время из надпиленных орехов, закрепленных на деревянной рукояти. Звук  извлекается ударами деревянной палочки по колокольчикам.";"";"Агого FLIGHT PERCUSSION FAGO-3";"";"";"agogo-flight-percussion-fago-3";"";"";"";"";"";"";"http://dynatone.ru/images/base/arm99014491.jpg"
"Чимес FLIGHT PERCUSSION FCHIM-32TU";"";"42904";"RUB";"590";"1";"";"";"";"<strong>Бар Чаймс 'Черепахи' FLIGHT FCHIM-32TU</strong> состоит из  ряда  металлических трубочек (чаймсов) разной длины, закрепленных на   основании. Трубочки подвешены так, что звук идет следующим образом:   возрастает к середине и затем опять убывает. Основание <strong>Бар Чаймса 'Черепахи' FLIGHT FCHIM-32TU</strong> сделано  вручную, из дерева в виде двух черепах, украшенных этнической росписью.  Они станут прекрасным украшением интерьера и приведут в в восторг любого  ребенка, благодаря своей мелодичности и разноголосию.";"";"Чимес FLIGHT PERCUSSION FCHIM-32TU";"";"";"chimes-flight-percussion-fchim-32tu";"";"";"";"";"";"";"http://dynatone.ru/images/base/arm99021322.png"
"Чимес FLIGHT PERCUSSION FCHIM-32LI";"";"42902";"RUB";"570";"1";"";"";"";"<strong>Бар Чаймс 'Ящерицы' FLIGHT FCHIM-32LI</strong> состоит из ряда  металлических трубочек (чаймсов) разной длины, закрепленных на  основании. Трубочки подвешены так, что звук идет следующим образом:  возрастает к середине и затем опять убывает. Основание <strong>Бар Чаймса 'Ящерицы' FLIGHT FCHIM-32LI</strong> сделано вручную, из дерева в виде двух ящериц, украшенных этнической росписью. Они станут прекрасным украшением интерьера и приведут в в восторг любого ребенка, благодаря своей мелодичности и разноголосию.";"";"Чимес FLIGHT PERCUSSION FCHIM-32LI";"";"";"chimes-flight-percussion-fchim-32li";"";"";"";"";"";"";"http://dynatone.ru/images/base/arm99021320.png"
"Пластиковый шейкер FLIGHT FM-01";"";"36085";"RUB";"550";"1";"";"";"";"Шейкеры <strong>FLIGHT </strong>прекрасно дополнят любой набор   перкуссии или коллекцию игрушек благодаря приятным цветам и яркому   четкому звучанию. Эти шейкеры выглядят как настоящие фрукты и  заполнены специальным сыпучим материалом.";"";"Пластиковый шейкер FLIGHT FM-01";"";"";"plastikovyy-sheyker-flight-fm-01";"";"";"";"";"";"";"http://dynatone.ru/images/base/arm99014383.jpeg"
"Гуиро FLIGHT PERCUSSION FGU-FRS";"";"36635";"RUB";"550";"1";"";"";"";"<strong>Гуиро  </strong>– ударно-шумовой инструмент, пришедший к нам   от  индейцев Латинской Америки. Индейцы изготавливали его из высушенной    тыквы, наполненной камешками, сухими семенами или другими твёрдыми    мелкими предметами. В наши дни гуиро изготавливают также из металла,    пластика и дерева. Он представляет собой пустотелый сосуд с засечками на    одной стороне и с резонансным отверстием с другой. Играют на нем с    помощью палочки, называющейся пуэ. Инструмент широко распространен, его    используют многие современные группы, он входит в состав  симфонического   оркестра.";"";"Гуиро FLIGHT PERCUSSION FGU-FRS";"";"";"guiro-flight-percussion-fgu-frs";"";"";"";"";"Китай";"";"http://dynatone.ru/images/base/arm99014941.JPG"
"Тамбурин FLIGHT FT 8-5O";"";"36130";"RUB";"460";"1";"";"";"";"<strong>Тамбурин </strong>– старинный ударный музыкальный инструмент,    в Европе был известен еще до времен Крестовых походов. Позднее стал    применяться в духовой и симфонической музыке. Тамбурин используется в    качестве ритмообразующего инструмента при тарантеллах и других танцах, а    также при исполнении народных и военных песен или в оркестре.  ";"";"Тамбурин FLIGHT FT 8-5O";"";"";"tamburin-flight-ft-8-5o";"";"";"";"";"Китай";"";"http://dynatone.ru/images/base/arm99014429.jpg"
"Тамбурин FLIGHT FT 6-4P";"";"36131";"RUB";"360";"1";"";"";"";"<strong>Тамбурин </strong>– старинный ударный музыкальный инструмент,   в Европе был известен еще до времен Крестовых походов. Позднее стал   применяться в духовой и симфонической музыке. Тамбурин используется в   качестве ритмообразующего инструмента при тарантеллах и других танцах, а   также при исполнении народных и военных песен или в оркестре.  ";"";"Тамбурин FLIGHT FT 6-4P";"";"";"tamburin-flight-ft-6-4p";"";"";"";"";"Китай";"";"http://dynatone.ru/images/base/arm99014430.jpg"
"Тамбурин FLIGHT FT 6-4G";"";"36132";"RUB";"360";"1";"";"";"";"<strong>Тамбурин </strong>– старинный ударный музыкальный инструмент,   в Европе был известен еще до времен Крестовых походов. Позднее стал   применяться в духовой и симфонической музыке. Тамбурин используется в   качестве ритмообразующего инструмента при тарантеллах и других танцах, а   также при исполнении народных и военных песен или в оркестре.  ";"";"Тамбурин FLIGHT FT 6-4G";"";"";"tamburin-flight-ft-6-4g";"";"";"";"";"Китай";"";"http://dynatone.ru/images/base/arm99014431.jpg"
"Маракасы FLIGHT PERCUSSION FMW-9P";"";"42942";"RUB";"220";"1";"";"";"";"Маракас<strong> <strong>FLIGHT </strong>FMW-9P</strong> декорирован этническим точечным рисунком. Имеет приятное звучание.";"";"Маракасы FLIGHT PERCUSSION FMW-9P";"";"";"marakasy-flight-percussion-fmw-9p";"";"";"";"";"";"";"http://dynatone.ru/images/base/arm99021361.png"
"Маракасы пластиковые FLIGHT FMP-21GR зеленый";"";"39752";"RUB";"210";"1";"";"";"";"<strong>Маракасы </strong>-  шумовой музыкальный инструмент    кубинского происхождения. Они  используются в различных стилях    латиноамериканской танцевальной музыки, таких как сальса, ча-ча-ча,    меренге, самба.  Маракасы можно применять не  только в музыке, но и в    детских играх, как погремушки с приятным  шуршащим звуком.";"";"Маракасы пластиковые FLIGHT FMP-21GR зеленый";"";"";"marakasy-plastikovye-flight-fmp-21gr-zelenyy";"";"";"";"";"";"";"http://dynatone.ru/images/base/arm99018137.jpeg"
"Маракасы пластиковые FLIGHT FMP-21BL синий";"";"39751";"RUB";"210";"1";"";"";"";"<strong>Маракасы </strong>-  шумовой музыкальный инструмент   кубинского происхождения. Они  используются в различных стилях   латиноамериканской танцевальной музыки, таких как сальса, ча-ча-ча,   меренге, самба.  Маракасы можно применять не  только в музыке, но и в   детских играх, как погремушки с приятным  шуршащим звуком.";"";"Маракасы пластиковые FLIGHT FMP-21BL синий";"";"";"marakasy-plastikovye-flight-fmp-21bl-siniy";"";"";"";"";"";"";"http://dynatone.ru/images/base/arm99018136.jpeg"
"Кастаньеты FLIGHT PERCUSSION FRH-1";"";"36181";"RUB";"120";"1";"";"";"";"<strong>Кастаньеты</strong> -  ударный музыкальный инструмент,    распространённый в Испании, Италии и странах Латинской Америки. В    современной музыке кастаньеты широко  применяются в латиноамериканской    танцевальной музыке, например,   фламенко.";"";"Кастаньеты FLIGHT PERCUSSION FRH-1";"";"";"kastanety-flight-percussion-frh-1";"";"";"";"";"Китай";"";"http://dynatone.ru/images/base/arm99014480.jpg"
"Набор перкуссии из 21 предмета FLIGHT FPS-21";"";"39749";"RUB";"7460";"1";"";"";"";"<span>Перкуссионный набор – это набор ударных музыкальных  инструментов, не являющихся классическими, как правило, это этнические  ударные инструменты.</span>";"";"Набор перкуссии из 21 предмета FLIGHT FPS-21";"";"";"nabor-perkussii-iz-21-predmeta-flight-fps-21";"";"";"";"";"";"";"http://dynatone.ru/images/base/arm99018134.jpeg"
"Набор цветных колокольчиков FLIGHT FBELL-8S на подставке";"";"36194";"RUB";"4150";"1";"";"";"";"<strong>КОЛОКОЛЬЧИКИ </strong>—   ударный   инструмент с  определенной высотой звука, представляющий собой   набор   маленьких металлических колокольчиков различной высоты. Тембр     инструмента ясный, звонкий, блестящий.";"";"Набор цветных колокольчиков FLIGHT FBELL-8S на подставке";"";"";"nabor-tsvetnykh-kolokolchikov-flight-fbell-8s-na-podstavke";"";"";"";"";"Китай";"";"http://dynatone.ru/images/base/arm99014493.jpg"
"Колокольчик FLIGHT PERCUSSION FBELL / 8B";"";"45351";"RUB";"2910";"1";"";"";"";"<strong>КОЛОКОЛЬЧИКИ </strong>—   ударный  инструмент с  определенной высотой звука, представляющий собой   набор  маленьких металлических колокольчиков различной высоты. Тембр    инструмента ясный, звонкий, блестящий.";"";"Колокольчик FLIGHT PERCUSSION FBELL / 8B";"";"";"kolokolchik-flight-percussion-fbell--8b";"";"";"";"";"Китай";"";"http://dynatone.ru/images/base/arm345351.png"
"Набор цветных ручных колокольчиков FLIGHT FBELL-8H";"";"36193";"RUB";"1990";"1";"";"";"";"";"";"Набор цветных ручных колокольчиков FLIGHT FBELL-8H";"";"";"nabor-tsvetnykh-ruchnykh-kolokolchikov-flight-fbell-8h";"";"";"";"";"";"";"http://dynatone.ru/images/base/arm99014492.jpg"
"Ксилофон FLIGHT PERCUSSION FX-15C / 15C";"";"45341";"RUB";"1610";"1";"";"";"";"<strong>Ксилофон </strong>– ударный музыкальный инструмент,    имеет древнее происхождение — простейшие инструменты подобного типа    встречаются у разных народов Африки, Юго-Восточной Азии и Латинской    Америки. В Европе первые упоминания о ксилофоне датируются началом XVI    века. Представляет собой ряд деревянных брусков разной величины,    настроенных на определённые ноты, по которым ударяют палочками.    Инструмент может использоваться как соло, так и в ансамбле. Ксилофон    поможет развить музыкальный слух ребенка, чувство ритма, и при этом    настолько легок в применении, что даже у малыша, не владеющего нотами,    обязательно получится мелодия.";"";"Ксилофон FLIGHT PERCUSSION FX-15C / 15C";"";"";"ksilofon-flight-percussion-fx-15c--15c";"";"";"";"";"Китай";"";"http://dynatone.ru/images/base/arm345341.png"
"Ксилофон FLIGHT PERCUSSION FX / 12C";"";"45340";"RUB";"1370";"1";"";"";"";"<strong>Ксилофон </strong>– ударный музыкальный инструмент,    имеет древнее происхождение — простейшие инструменты подобного типа    встречаются у разных народов Африки, Юго-Восточной Азии и Латинской    Америки. В Европе первые упоминания о ксилофоне датируются началом XVI    века. Представляет собой ряд деревянных брусков разной величины,    настроенных на определённые ноты, по которым ударяют палочками.    Инструмент может использоваться как соло, так и в ансамбле. Ксилофон    поможет развить музыкальный слух ребенка, чувство ритма, и при этом    настолько легок в применении, что даже у малыша, не владеющего нотами,    обязательно получится мелодия.";"";"Ксилофон FLIGHT PERCUSSION FX / 12C";"";"";"ksilofon-flight-percussion-fx--12c";"";"";"";"";"Китай";"";"http://dynatone.ru/images/base/arm345340.png"
"Ксилофон FLIGHT PERCUSSION FX-15";"";"45432";"RUB";"1350";"1";"";"";"";"<strong>Ксилофон </strong>– ударный музыкальный инструмент,    имеет древнее происхождение — простейшие инструменты подобного типа    встречаются у разных народов Африки, Юго-Восточной Азии и Латинской    Америки. В Европе первые упоминания о ксилофоне датируются началом XVI    века. Представляет собой ряд деревянных брусков разной величины,    настроенных на определённые ноты, по которым ударяют палочками.    Инструмент может использоваться как соло, так и в ансамбле. Ксилофон    поможет развить музыкальный слух ребенка, чувство ритма, и при этом    настолько легок в применении, что даже у малыша, не владеющего нотами,    обязательно получится мелодия.";"";"Ксилофон FLIGHT PERCUSSION FX-15";"";"";"ksilofon-flight-percussion-fx-15";"";"";"";"";"Китай";"";"http://dynatone.ru/images/base/arm345432.png"
"Металлофон FLIGHT PERCUSSION FM / 15-1";"";"45336";"RUB";"1350";"1";"";"";"";"<strong>Металлофон</strong> - ударный музыкальный инструмент,  является одной из разновидностей ксилофонов. Представляет собой ряд  металлических пластин, настроенных на определённые ноты, по которым  ударяют палочками. Обладает ярким, чистым звуком.  Инструмент может  использоваться как соло, так и в ансамбле.                       ";"";"Металлофон FLIGHT PERCUSSION FM / 15-1";"";"";"metallofon-flight-percussion-fm--15-1";"";"";"";"";"Китай";"";"http://dynatone.ru/images/base/arm345336.png"
"Металлофон FLIGHT FM 8-3";"";"36218";"RUB";"780";"1";"";"";"";"<strong>Металлофон</strong> - ударный музыкальный инструмент, является одной из разновидностей ксилофонов. Представляет собой ряд металлических пластин, настроенных на определённые ноты, по которым ударяют палочками. Обладает ярким, чистым звуком.  Инструмент может использоваться как соло, так и в ансамбле.                          ";"";"Металлофон FLIGHT FM 8-3";"";"";"metallofon-flight-fm-8-3";"";"";"";"";"Китай";"";"http://dynatone.ru/images/base/arm99014517.jpg"
"Тамбурин FLIGHT PERCUSSION FT 10-6";"";"36134";"RUB";"530";"1";"";"";"";"<strong>Тамбурин </strong>– старинный ударный музыкальный инструмент, в Европе был известен еще до времен Крестовых походов. Позднее стал применяться в духовой и симфонической музыке. Тамбурин используется в качестве ритмообразующего инструмента при тарантеллах и других танцах, а также при исполнении народных и военных песен или в оркестре.  ";"";"Тамбурин FLIGHT PERCUSSION FT 10-6";"";"";"tamburin-flight-percussion-ft-10-6";"";"";"";"";"Китай";"";"http://dynatone.ru/images/base/arm99014433.png"
"!!Ударные и шумовые инструменты";"";"";"";"";"";"";"";"";"";"";"";"";"";"";"";"";"";"";"";""
"Чимес FLIGHT PERCUSSION FCHIM-36";"";"36206";"RUB";"6670";"1";"";"";"";"Бар Чаймс <strong>VESTON FCHIM-70</strong> состоит из ряда полых металлических трубочек (чаймсов) разной длинны, закрепленных на основании.  Основание Бар Чаймс<strong> VESTON FCHIM-70</strong> выполнено вручную из бамбука длиной 70см. Украшено этнической росписью   ручной работы. Он станет прекрасным украшением интерьера и приведет в в   восторг любого  ребенка, благодаря своей мелодичности и разноголосию.";"";"Чимес FLIGHT PERCUSSION FCHIM-36";"";"";"chimes-flight-percussion-fchim-36";"";"";"";"";"";"";"http://dynatone.ru/images/base/arm99014505.jpg"
"Перкуссионная установка FLIGHT FPS-TK";"";"36205";"RUB";"6490";"1";"";"";"";"<strong>Детская перкуссионная установка</strong> в виде накладки на стол <strong>FLIGHT FPS-TK</strong>";"";"Перкуссионная установка FLIGHT FPS-TK";"";"";"perkussionnaya-ustanovka-flight-fps-tk";"";"";"";"";"";"";"http://dynatone.ru/images/base/arm99014504.jpg"
"Металлофон FLIGHT FM-15 15 нот";"";"36220";"RUB";"4150";"1";"";"";"";"<strong>Металлофон</strong> - ударный музыкальный инструмент, является одной из разновидностей ксилофонов. Представляет собой ряд металлических пластин, настроенных на определённые ноты, по которым ударяют палочками. Обладает ярким, чистым звуком.  Инструмент может использоваться как соло, так и в ансамбле.                       ";"";"Металлофон FLIGHT FM-15 15 нот";"";"";"metallofon-flight-fm-15-15-not";"";"";"";"";"Китай";"";"http://dynatone.ru/images/base/arm99014519.jpg"
"Металлофон FLIGHT FM-25 синий 25 нот";"";"36221";"RUB";"2340";"1";"";"";"";"<strong>Металлофон</strong> - ударный музыкальный инструмент, является одной из разновидностей ксилофонов. Представляет собой ряд металлических пластин, настроенных на определённые ноты, по которым ударяют палочками. Обладает ярким, чистым звуком.  Инструмент может использоваться как соло, так и в ансамбле.";"";"Металлофон FLIGHT FM-25 синий 25 нот";"";"";"metallofon-flight-fm-25-siniy-25-not";"";"";"";"";"Китай";"";"http://dynatone.ru/images/base/arm99014520.jpg"
"Набор перкуссии из 6 предметов FLIGHT FPS-6P";"";"36210";"RUB";"2330";"1";"";"";"";"<span>Перкуссионный набор – это набор ударных музыкальных инструментов, не  являющихся классическими, как правило, это этнические ударные  инструменты.</span>";"";"Набор перкуссии из 6 предметов FLIGHT FPS-6P";"";"";"nabor-perkussii-iz-6-predmetov-flight-fps-6p";"";"";"";"";"";"";"http://dynatone.ru/images/base/arm99014509.jpg"
