Наименование;"Наименование артикула";"Код артикула";Валюта;Цена;"Доступен для заказа";"Зачеркнутая цена";"Закупочная цена";"Краткое описание";Описание;Теги;Заголовок;"Тип товаров""META Keywords";"META Description";"Ссылка на витрину";Производитель;Объем;Размеры;"Возраст детей";Страна-производитель;Материал
"spec-m";"";"";"";"";"";"";"";"";"";"";"";"";"";"";"";"";"";"";"";""
"!Электрические косы";"";"";"";"";"";"";"";"<p>С помощью электрических кос STIHL Вы с легкостью подстрижете небольшие  площади, кромки газона и края клумб вокруг дома.</p>";"<p>С помощью электрических кос STIHL Вы с легкостью подстрижете небольшие  площади, кромки газона и края клумб вокруг дома. Особо тихие двигатели  идеальны для работ в зонах, чувствительных к шуму. Модели для начинающих  STIHL FSE 31 и 41 очень хорошо подходят для подстригания кромок газона и  для небольших расчистных работ вокруг деревьев, тропинок и лестниц.  Более мощные модели STIHL FSE 60, FSE 71 и FSE 81 можно также с успехом  применять и для скашивания небольших площадей.</p>";"";"";"";"";"elektricheskie-kosy";"";"";"";"";"";""
"!Аккумуляторные мотокосы";"";"";"";"";"";"";"";"<p>Вы хотите косить траву, когда и где вы этого пожелаете – это удастся с  помощью наших аккумуляторных мотокос.</p>";"<p>Вы хотите косить траву, когда и где вы этого пожелаете – это удастся с  помощью наших аккумуляторных мотокос. Благодаря мощному двигателю и  аккумулятору на 36 В, инструменты отличаются большой выносливостью при  кошении. Этому способствуют литий-ионный аккумулятор и бесщёточный  двигатель с электронной системой управления. А кроме того, аккумуляторные мотокосы  настолько мобильные, чистые и тихие, что они предназначены специально  для мест, где шум двигателя и выхлопные газы нежелательны. Кроме того  они незаменимы для ухода за газоном в городе вблизи больниц, школ и детских садов, в парках и жилых районах.</p>";"";"";"";"";"akkumulyatornye-motokosy";"";"";"";"";"";""
"!Комби-система";"";"";"";"";"";"";"";"<p>Позволяет с помощью одного комби-устройства выполнить как можно больше различных работ.</p>";"<p>Основная идея, которой руководствовались специалисты фирмы STIHL при  создании системы комбинирования: чтобы с помощью одного комби-устройства  можно было выполнить как можно больше различных работ по уходу за  приусадебным участком, сохраняя при этом высокую мобильность.  Комби-двигатель в комплекте с различными комби-инструментами делает это  возможным. В Вашем распоряжении имеется на выбор несколько комбинаций,  состоящих из двигателя, рукоятки и инструмента, в которые Вы можете в  любой момент ввести дополнительные комби-инструменты.</p>";"";"";"";"";"kombi-sistema";"";"";"";"";"";""
"!Мультифункциональная система";"";"";"";"";"";"";"";"<p>Мульти-двигатель плюс мульти-инструмент: мультифункциональная система   STIHL для универсального использования быстро приведет Ваш приусадебный   участок в порядок.</p>";"<p>Мульти-двигатель плюс мульти-инструмент: мультифункциональная система  STIHL для универсального использования быстро приведет Ваш приусадебный  участок в порядок. Будь то уход за газонами, или обработка почвы или  очистка больших участков - благодаря мультифункциональной системе STIHL  Вы справитесь со всеми этими работами с помощью всего одного устройства.  Мульти-двигатель можно легко и просто скомбинировать с каждым  подобранным к нему по размеру мульти-инструментом STIHL. Таким образом  Вы будете оптимально оснащены для выполнения любого задания.</p>";"";"";"";"";"multifunktsionalnaya-sistema";"";"";"";"";"";""
"!Устройства по уходу за живыми изгородями";"";"";"";"";"";"";"";"<p>Садовые мотоножницы и мотосекаторы STIHL - Ваши лучшие помощники для  обустройства парков и ландшафтных местностей.</p>";"<p>Садовые мотоножницы и мотосекаторы STIHL - Ваши лучшие помощники для  обустройства парков и ландшафтных местностей. Эти инструменты,  обеспечивающие тримминговый и встречный рез, производят убедительное  впечатление оптимальной производительностью и множеством компонентов,  обеспечивающих комфорт в работе. Ножи для этих инструментов  изготавливаются со «швейцарской точностью» на заводе STIHL в городе Виле  (Швейцария). Серийная антивибрационная система сберегает Ваши силы во  время работы. Одним словом: передовая техника, которая отлично справится  с подрезкой заросших и особенно длинных или высоких изгородей.</p>";"";"";"";"";"ustroystva-po-ukhodu-za-zhivymi-izgorodyami";"";"";"";"";"";""
"!Очистительные устройства";"";"";"";"";"";"";"";"<p>Грязь, мусор, песок, опилки или листва - наши очистительные устройства ничто не остановит.</p>";"<p>Грязь, мусор, песок, опилки или листва - наши очистительные устройства ничто не остановит. Широкий ассортимент включает множество разнообразных устройств различного класса, предназначенных для выполнения любых задач, связанных с уборкой. При этом неважно, идет ли речь о постоянном или периодическом использовании - работать с этими устройствами всегда комфортно благодаря эргономичной конструкции и дополнительным элементам оснащения. Идеальная чистота без компромиссов.</p>";"";"";"";"";"ochistitelnye-ustroystva";"";"";"";"";"";""
"!Опрыскиватели";"";"";"";"";"";"";"";"<p>Высокопроизводительный опрыскиватель STIHL SR  420 имеет удобную  ранцевую конструкцию и обеспечивает гибкость и  подвижность на любой  территории.</p>";"<p>В большом хозяйстве или на своем садовом участке: тот, кто выращивает  фрукты, овощи или виноград, хотел бы, чтобы все растения росли хорошо.  STIHL поможет Вам внести удобрения и средства защиты растений при помощи  подходящего устройства. Высокопроизводительный опрыскиватель STIHL SR  420 имеет удобную ранцевую конструкцию и обеспечивает гибкость и  подвижность на любой территории.</p>";"";"";"";"";"opryskivateli";"";"";"";"";"";""
"!Почвенные бензобуры и буровой инструмент";"";"";"";"";"";"";"";"<p>Мощные и надёжные, оснащённые  разнообразными буровыми инструментами, они помогут в любой ситуации.</p>";"<p>Почвенные бензобуры STIHL смотрят вглубь вещей. Можно всегда  рассчитывать на почвенные бензобуры STIHL, и не важно, нужно ли взять  пробы грунта или поставить забор. Мощные и надёжные, оснащённые  разнообразными буровыми инструментами, они помогут в любой ситуации. Они  быстро и мощно врезаются в грунт и прекрасно подходят для работ на  тяжёлых почвах.</p>";"";"";"";"";"pochvennye-benzobury-i-burovoy-instrument";"";"";"";"";"";""
"!Цепной бензорез и абразивно-отрезные устройства";"";"";"";"";"";"";"";"<p>Эти инструменты станут настоящим подспорьем везде, где требуется  профессиональная обработка твёрдых материалов.</p>";"<p>Эти инструменты станут настоящим подспорьем везде, где требуется  профессиональная обработка твёрдых материалов. Мы заявляем об этом с полным основанием. Они отличаются высочайшей прочностью и  надёжностью, будь то ремонт дорог, строительные или аварийно- спасательные работы. Абразивно-отрезные устройства способны выполнять  самые сложные задачи по разрезанию. А новый цепной бензорез STIHL будет прекрасным дополнением к ним. GS 461 отлично  показывает себя при врезании в стены и разрезании труб и бетона.</p>";"";"";"";"";"tsepnoy-benzorez-i-abrazivno-otreznye-ustroystva";"";"";"";"";"";""
"!Мотокосы";"";"";"";"";"";"";"";"<p>В труднопроходимой местности, и прежде всего там, где у моторной косилки   нет никаких шансов, мотокосы марки STIHL чувствуют себя, как 'рыбы в   воде'.</p>";"<p>В труднопроходимой местности, и прежде всего там, где у моторной косилки  нет никаких шансов, мотокосы марки STIHL чувствуют себя, как 'рыбы в  воде'. В зависимости от мощности двигателя и используемого режущего  инструмента, с помощью такой мотокосы можно как выравнивать края  газонов, так и прореживать сучковатый дикий кустарник. Различные классы  мощности облегчают выбор устройства, оптимально отвечающего Вашим  потребностям. Обслуживающий персонал специализированных магазинов по  сбыту продукции фирмы STIHL охотно поможет Вам сделать правильный выбор.</p>";"";"";"";"";"motokosy";"";"";"";"";"";""
"!Легкие мотокосы";"";"";"";"";"";"";"";"<p>Удобные, легкие мотокосы марки STIHL позволяют навести лоск  при проведении работ по уходу за приусадебным участком и ландшафтом</p>";"<div class='hr'></div>
<p>Удобные, легкие мотокосы марки STIHL позволяют навести лоск  при проведении работ по уходу за приусадебным участком и ландшафтом. Они  являются идеальным дополнением к моторной косилке и используются там,  где после косьбы необходимо выполнить доработку. С их помощью можно  также быстро скосить траву на небольшом участке.</p>";"";"";"";"";"legkie-motokosy";"";"";"";"";"";""
"!Пила для спасательных работ";"";"";"";"";"";"";"";"<p>Компактная высокоэффективная мотопила для спасательных работ  и борьбы с  пожарами.</p>";"<div class='hr'></div>
<p>Компактная высокоэффективная мотопила для спасательных работ  и борьбы с пожарами оснащена двигателем с большим запасом мощности уже  на средних оборотах и специальной пильной цепью с покрытием из твердого  сплава из карбида вольфрама и кобольта.</p>";"";"";"";"";"pila-dlya-spasatelnykh-rabot";"";"";"";"";"";""
"!Высоторезы";"";"";"";"";"";"";"";"<p>При использовании высоторезов марки STIHL работы по уходу за фруктовыми   деревьями и расчистке кустарника становятся комфортабельнее и   безопаснее.</p>";"<p>При использовании высоторезов марки STIHL работы по уходу за фруктовыми  деревьями и расчистке кустарника становятся комфортабельнее и  безопаснее. Так как высоторез позволяет подрезать ветви прямо с земли.  STIHL HT 75 с раздвижным штоком позволяет укорачивать ветки на высоте до  5 м.</p>";"";"";"";"";"vysotorezy";"";"";"";"";"";""
"!Аккумуляторная пила";"";"";"";"";"";"";"";"<p>Аккумуляторная пила STIHL с выносливым литий-ионным  аккумулятором  мощностью 160 Вт*ч и износостойким электродвигателем почти  не  производит шума при работе.</p>";"<div class='hr'></div>
<p>Аккумуляторная пила STIHL с выносливым литий-ионным  аккумулятором мощностью 160 Вт*ч и износостойким электродвигателем почти  не производит шума при работе. Тихий мощный инструмент класса на 36 В  отлично подойдёт даже для пильных работ в закрытых помещениях. Идеальна для заготовки  дров и ухода за садовым участком в зонах с нормированным уровнем шума – и  всё это без выхлопных газов.</p>";"";"";"";"";"akkumulyatornaya-pila";"";"";"";"";"";""
"!Моторные пилы";"";"";"";"";"";"";"";"<p>Для любых нужд имеется подходящая мотопила марки STIHL с мощностью от 1,2 кВт до 6,3 кВт (от  1,6 л.с. до 8,6 л.с.).</p>";"<p>Вот уже в течение более 85 лет фирма STIHL задает тон в деле развития моторных пил. Технические нововведения, удобная для работы форма и достойное подражания качество сделали мотопилы марки STIHL во всем мире продукцией №1. Для любых нужд имеется подходящая мотопила марки STIHL: начиная с компактных пил для любителей и заканчивая сверхмощными пилами для распиловки толстомерной древесины, с мощностью от 1,2 кВт до 6,3 кВт (от 1,6 л.с. до 8,6 л.с.).</p>";"";"";"";"";"motornye-pily";"";"";"";"";"";""
"!Для распиловки дров";"";"";"";"";"";"";"";"<p>Наши легкие моторные пилы оптимально подходят для эффективной распиловки дров.</p>";"<p>Наши легкие моторные пилы оптимально подходят для ухода за земельным участком, для эффективной распиловки дров, для формирования кроны деревьев или для прореживания древесной растительности. Как и все моторные пилы STIHL они сочетают в себе высокую мощность с оптимальным управлением и устанавливают стандарты в отношении удобства в работе.</p>";"";"";"";"";"dlya-raspilovki-drov";"";"";"";"";"";""
"!Для сельского хозяйства и садоводства";"";"";"";"";"";"";"";"<p>Моторные пилы,  которые прекрасно  адаптированы к разнообразным потребностям в сельском  хозяйстве и  коммунальной сфере.</p>";"<p>Строительство с применением древесины, распиловка дров, заготовка  тонкомерной древесины или уход за фруктовыми деревьями - в сельском  хозяйстве, в садоводстве или в уходе за ландшафтом имеется много задач,  которые могут быть эффективно решены только с помощью высококачественной  моторной пилы. На данной странице Вы найдете моторные пилы STIHL,  которые прекрасно адаптированы к разнообразным потребностям в сельском  хозяйстве или в коммунальной сфере.</p>";"";"";"";"";"dlya-selskogo-khozyaystva-i-sadovodstva";"";"";"";"";"";""
"!Для лесного хозяйства";"";"";"";"";"";"";"";"<p>Моторные пилы STIHL класса мощности до 6,4 кВт  представляют собой надежную, удобную технику при минимально возможном  весе.</p>";"<div class='hr'></div>
<p>В лесном хозяйстве моторные пилы STIHL уже давно считаются  незаменимыми помощниками. Моторные пилы STIHL класса мощности до 6,4 кВт  представляют собой надежную, удобную технику при минимально возможном  весе. Поэтому они не заменимы при прореживании, при заготовке  тонкомерной древесины и при рубке леса в средних лесонасаждениях. Наши  высокомощные пилы для экстремальных нагрузок от 4,0 кВт до внушительных  6,4 кВт убеждают своей силой и удобством для зрелого древостоя или для  деревьев с твердой древесиной.</p>";"";"";"";"";"dlya-lesnogo-khozyaystva";"";"";"";"";"";""
"!Пилы для ухода за деревьями";"";"";"";"";"";"";"";"<p>Специальные пилы марки STIHL были сконструированы для выполнения работ   снаружи или внутри кроны дерева.</p>";"<p>Специальные пилы марки STIHL были сконструированы для выполнения работ  снаружи или внутри кроны дерева, например, при проведении работ по уходу  за зелеными насаждениями на улицах и в парках. Все модели отличаются  оптимальным расположением центра тяжести и малым весом. Удобство  обслуживания повышается наличием высокоэффективной антивибрационной  системы.</p>";"";"";"";"";"pily-dlya-ukhoda-za-derevyami";"";"";"";"";"";""
"!Пилы Carving";"";"";"";"";"";"";"";"<p>Пилы Carving STIHL - идеальный выбор для требовательных  резчиков, специалистов по уходу за деревьями и фруктовыми садами.</p>";"<div class='hr'></div>
<p>Пилы Carving STIHL - идеальный выбор для требовательных  резчиков, специалистов по уходу за деревьями и фруктовыми садами. Легкие  и маневренные бензопилы с маленькой вершиной шины обладают особенно  низкой вибрацией, а также очень низкой отдачей благодаря специальной  режущей гарнитуре Carving. С ними можно точно выполнять узорные контуры и  сложные резы.</p>";"";"";"";"";"pily-carving";"";"";"";"";"";""
"!Электропилы";"";"";"";"";"";"";"";"<p>Бесшумные,  мощные и экологичные (никаких выхлопных газов), они идеально  подходят  для использования так же и в закрытых помещениях.</p>";"<div class='hr'></div>
<p>Новые электропилы производства фирмы STIHL - это класс!  Бесшумные, мощные и экологичные (никаких выхлопных газов), они идеально  подходят для использования так же и в закрытых помещениях, например, в  строительном деле. Высоким требованиям профессионалов отвечают модели  STIHL MSE 180 C-BQ и STIHL MSE 220 C-Q.</p>";"";"";"";"";"elektropily";"";"";"";"";"";""
"!Мощные мотокосы";"";"";"";"";"";"";"";"<p>Там, где невозможно использование моторных косилок,  например, на крутых  склонах, поросших деревьями и кустарником, мотокосы  марки STIHL просто  идут напролом.</p>";"<div class='hr'></div>
<p>Там, где невозможно использование моторных косилок,  например, на крутых склонах, поросших деревьями и кустарником, мотокосы  марки STIHL просто идут напролом. В зависимости от мощности двигателя и  используемого режущего инструмента, с помощью такой мотокосы можно как  выравнивать края газонов, так и прореживать сучковатый дикий кустарник.</p>";"";"";"";"";"moshchnye-motokosy";"";"";"";"";"";""
"!Кусторезы";"";"";"";"";"";"";"";"<p>Диапазон их использования включает в себя как скашивание жесткой  травы и  дикого кустарника вдоль края дорог и на склонах, так и  прореживание  молодых лесонасаждений.</p>";"<p>Начиная с легких устройств STIHL FS 300 и кончая мощными устройствами  STIHL FS 550 для проходной рубки - для кусторезов марки STIHL в  профессиональной области найдется множество возможностей применения.  Диапазон их использования включает в себя как скашивание жесткой травы и  дикого кустарника вдоль края дорог и на склонах, так и прореживание  молодых лесонасаждений. Высокая надежность в работе и достойное  подражания удобство использования и обслуживания позволяют использовать  эти устройства рентабельно, по-хозяйски.</p>";"";"";"";"";"kustorezy";"";"";"";"";"";""
"!Заплечные мотокосы";"";"";"";"";"";"";"";"<p>Оптимальный выбор для кошения на склонах и в труднодоступных местах.</p>";"<p>Ранцевая мотокоса с пусковым устройством STIHL ErgoStart. Экономичный  двигатель STIHL 2-MIX. Соответствует нормам токсичности EU II.  Оптимальный выбор для кошения на склонах и в труднодоступных местах.  Комфортный ранец на лямках с интегрированной сумкой для инструмента.  Отлино подойдет для расчистки территорий, а с использованием подходящего  режущего инструмнта - для скашивания кустарника и тонких деревьев.</p>";"";"";"";"";"zaplechnye-motokosy";"";"";"";"";"";""
"!Комби-двигатели";"";"";"";"";"";"";"";"<p>В зависимости от потребности, имеется пять вариантов комби-двигателей  различной мощности и два вида рукояток.</p>";"<div class='hr'></div>
<p>Комби-двигатели - это стержень системы комбинирования STIHL.  В зависимости от потребности, имеется пять вариантов комби-двигателей  различной мощности и два вида рукояток. Например, круговая рукоятка (R)  для комбинирования со всеми комби-инструментами. Или двухручная рукоятка  для тех, кто любит много косить. Комби-двигатели серии KM 55 RC-E  оснащены системой STIHL ErgoStart (E), позволяющей сделать запуск  двигателя делом еще более легким. Двигатели серии КМ 100 - это двигатели  4-MIX STIHL, объединяющие в себе преимущества 2- и 4-тактных  двигателей.</p>";"";"";"";"";"kombi-dvigateli";"";"";"";"";"";""
"!Комби-инструменты";"";"";"";"";"";"";"";"<p>Разработанные на фирме STIHL комби-инструменты способствуют  такому  расширению возможностей применения системы комбинирования, что  ничего  более универсального Вы себе и представить не сможете.</p>";"<div class='hr'></div>
<p>Разработанные на фирме STIHL комби-инструменты способствуют  такому расширению возможностей применения системы комбинирования, что  ничего более универсального Вы себе и представить не сможете. От  мотокосы до высотореза, от удлиненных мотоножниц до подметального валика  - с помощью комби-инструментов Вы превосходно справитесь со всеми  работами по уходу за приусадебным участком. Все предлагаемые нами  комби-инструменты гармонично сочетаются с нашими хорошо  зарекомендовавшими себя на практике разъемными мотокосами.</p>";"";"";"";"";"kombi-instrumenty";"";"";"";"";"";""
"!Мультидвигатель ММ 55, инструменты, комплектующие";"";"";"";"";"";"";"";"<p>В мультифункциональной системе STIHL для любой работы найдется подходящий  инструмент.</p>";"<div class='hr'></div>
<p>Удаление мха, аэрация газона, разрыхление почвы, подметание  дорожек и больших участков - все равно, что Вы намерены сделать: в  мультифункциональной системе STIHL для любой работы найдется подходящий  инструмент. Все мульти-инструменты можно быстро и без проблем заменять  без вспомогательных приспособлений.</p>";"";"";"";"";"multidvigatel-mm-55-instrumenty-komplektuyushchie";"";"";"";"";"";""
"!Мульти-инструменты";"";"";"";"";"";"";"";"";"";"";"";"";"";"multi-instrumenty";"";"";"";"";"";""
"!Садовые мотоножницы";"";"";"";"";"";"";"";"<p>Мощные садовые мотоножницы STIHL показывают свои сильные  стороны при обустройстве парков и ландшафтных местностей.</p>";"<div class='hr'></div>
<p>Мощные садовые мотоножницы STIHL показывают свои сильные  стороны при обустройстве парков и ландшафтных местностей. Надёжные, с  простым и удобным управлением, эти мощные инструменты незаменимы для  подстригания диких или одеревеневших изгородей. Так как садовым  мотоножницам не нужен кабель, Вы можете беспрепятственно передвигаться  даже при обработке очень длинных изгородей.</p>";"";"";"";"";"sadovye-motonozhnitsy";"";"";"";"";"";""
"!Аккумуляторные садовые ножницы";"";"";"";"";"";"";"";"<p>Оптимальное качество  обрезки живой изгороди достигается за счёт  простого и комфортного  управления без кабеля и выхлопных газов.</p>";"<div class='hr'></div>
<p>Вы бы охотно снизили звук мотоножниц при работе, но не  хотите экономить на производительности реза? Тогда вам подойдут наши  аккумуляторные мотоножницы 36 В. Благодаря мощному литий-ионному  аккумулятору инструмент имеет высокое число ходов. Оптимальное качество  обрезки живой изгороди достигается за счёт простого и комфортного  управления без кабеля и выхлопных газов.</p>";"";"";"";"";"akkumulyatornye-sadovye-nozhnitsy";"";"";"";"";"";""
"!Электрические садовые ножницы";"";"";"";"";"";"";"";"<p>Электрические садовые ножницы STIHL убеждают точностью реза,  оптимальной геометрией ножей и тихой, мощной работой.</p>";"<div class='hr'></div>
<p>Электрические садовые ножницы STIHL убеждают точностью реза,  оптимальной геометрией ножей и тихой, мощной работой. Уравновешенное  распределение веса гарантирует удобство в обращении. С помощью мощной  модели STIHL HSE 81 можно эффективно обрабатывать и крупный кустарник и  живую изгородь.</p>";"";"";"";"";"elektricheskie-sadovye-nozhnitsy";"";"";"";"";"";""
"!Электросекаторы";"";"";"";"";"";"";"";"<p>Новые удлиненные электросекаторы STIHL являются специалистами по уходу   за чрезвычайно широкой, длинной или высокой живой изгородью в зонах   рядом с домом.</p>";"<p>Новые удлиненные электросекаторы STIHL являются специалистами по уходу  за чрезвычайно широкой, длинной или высокой живой изгородью в зонах  рядом с домом. Можно быстро и без труда обрезать крону живой изгороди  выше роста человека. Благодаря двум длинам рукоятки на выбор становятся  излишними лестницы или подмости. Электрические кусторезы STIHL очень  хорошо подходят также для ухода за сплошной кустарниковой зарослью.</p>";"";"";"";"";"elektrosekatory";"";"";"";"";"";""
"!Специальные пилы";"";"";"";"";"";"";"";"<p>Очень лёгкая пила для работ по уходу за деревьями.</p>";"<p>Перспективная и очень лёгкая пила для работ по уходу за деревьями.  Отличная удельная масса на единицу мощности. Очень высокая точность  реза. Запуск без отдачи благодаря микропроцессорной системе зажигания,  оптимальная эргономика. Эта пила сконструирована специально для работ  внутри кроны дерева, её следует применять исключительно для ухода за  деревьями. Работать этой пилой можно только при наличии соответствующих  знаний в области ухода за деревьями.</p>";"";"";"";"";"spetsialnye-pily";"";"";"";"";"";""
"!Воздуходувные устройства и измельчители";"";"";"";"";"";"";"";"<p>Грязь, мусор, песок, опилки или листва - наши очистительные устройства ничто не остановит.</p>";"<p>Грязь, мусор, песок, опилки или листва - наши очистительные устройства ничто не остановит. Широкий ассортимент включает множество разнообразных устройств различного класса, предназначенных для выполнения любых задач, связанных с уборкой. При этом неважно, идет ли речь о постоянном или периодическом использовании - работать с этими устройствами всегда комфортно благодаря эргономичной конструкции и дополнительным элементам оснащения. Идеальная чистота без компромиссов.</p>";"";"";"";"";"vozdukhoduvnye-ustroystva-i-izmelchiteli";"";"";"";"";"";""
"!Мойки высокого давления с подачей холодной воды";"";"";"";"";"";"";"";"<p>Мощные мойки высокого давления мгновенно справляются с  любыми загрязнениями.</p>";"<div class='hr'></div>
<p>Мощные мойки высокого давления мгновенно справляются с  любыми загрязнениями. Прочная конструкция и комфортабельное оснащение  этих устройств превращают работу в сплошное удовольствие. Хоть в  промышленности, хоть в домашнем хозяйстве: начиная с компактного  устройства и заканчивая сверхмощными моделями для профессионального  использования - у фирмы STIHL всегда найдется подходящее устройство,  оптимально отвечающее Вашим потребностям.</p>";"";"";"";"";"moyki-vysokogo-davleniya-s-podachey-kholodnoy-vody";"";"";"";"";"";""
"!Пылесосы для сухой и влажной уборки";"";"";"";"";"";"";"";"<p>Идет ли речь о сухой или влажной уборке мастерских,  промышленных  предприятий или отдельных зданий – пылесосу STIHL для сухой  и влажной  уборки все под силу.</p>";"<div class='hr'></div>
<p>Идет ли речь о сухой или влажной уборке мастерских,  промышленных предприятий или отдельных зданий – пылесосу STIHL для сухой  и влажной уборки все под силу. Профессиональная чистота до самого  последнего уголка достигается за счет высокой мощности всасывания и  множества практичных элементов оснащения, таких как серийная  быстроразъемная муфта, моющийся фильтр и адаптер всасывающего шланга для  непосредственного всасывания пыли при шлифовке, пилении или строгании.</p>";"";"";"";"";"pylesosy-dlya-sukhoy-i-vlazhnoy-uborki";"";"";"";"";"";""
"!Подметальные устройства";"";"";"";"";"";"";"";"<p>Новые подметальные устройства STIHL решают любые проблемы связанные с  уборкой мусора.</p>";"<p>Новые подметальные устройства STIHL решают любые проблемы связанные с  уборкой мусора. Доказано: они работают в 6 раз быстрее, чем работа  метлой. Для уборки дорожек, парковок и подъездов. Легко сметают крупный, мелкий, тяжелый и мокрый мусор. С высокоэффективными подметальными системами  STIHL MultiClean и MultiClean PLUS.</p>";"";"";"";"";"podmetalnye-ustroystva";"";"";"";"";"";""
"!Бензиновые воздуходувные устройства";"";"";"";"";"";"";"";"";"";"";"";"";"";"benzinovye-vozdukhoduvnye-ustroystva";"";"";"";"";"";""
"!Аккумуляторное воздуходувное устройство";"";"";"";"";"";"";"";"";"";"";"";"";"";"akkumulyatornoe-vozdukhoduvnoe-ustroystvo";"";"";"";"";"";""
"!Электрические воздуходувные устройства";"";"";"";"";"";"";"";"";"";"";"";"";"";"elektricheskie-vozdukhoduvnye-ustroystva";"";"";"";"";"";""
"!Заплечные воздуходувные устройства";"";"";"";"";"";"";"";"";"";"";"";"";"";"zaplechnye-vozdukhoduvnye-ustroystva";"";"";"";"";"";""
"!Всасывающие измельчители";"";"";"";"";"";"";"";"";"";"";"";"";"";"vsasyvayushchie-izmelchiteli";"";"";"";"";"";""
"!Электрические всасывающие измельчители";"";"";"";"";"";"";"";"";"";"";"";"";"";"elektricheskie-vsasyvayushchie-izmelchiteli";"";"";"";"";"";""
"!Аккумуляторное подметальное устройство";"";"";"";"";"";"";"";"";"";"";"";"";"";"akkumulyatornoe-podmetalnoe-ustroystvo";"";"";"";"";"";""
"!Ручные распылители";"";"";"";"";"";"";"";"<p>Преимущество  этих прочных устройств состоит в том, что благодаря  ручному управлению  их применения отличается точностью и гибкостью.</p>";"<div class='hr'></div>
<p>Мощные, многофункциональные агрегаты: для распыления средств  для защиты растений вокруг дома, в садах, на виноградниках, а также в  качестве воздуходувного устройства для работ по очистке. Преимущество  этих прочных устройств состоит в том, что благодаря ручному управлению  их применения отличается точностью и гибкостью. Обратитесь к дилеру  фирмы STIHL с просьбой показать Вам специальные принадлежности к этим  устройствам.</p>";"";"";"";"";"ruchnye-raspyliteli";"";"";"";"";"";""
"!Бензобуры";"";"";"";"";"";"";"";"<div class='hr'></div>
<p>Бензобуры STIHL - это мобильное и надёжное подспорье для профессионалов.</p>";"<div class='hr'></div>
<p>Бензобуры STIHL - это мобильное и надёжное подспорье для профессионалов. Предназначены для бурения лунок, посадки растений или отбора проб грунта. Мы предлагаем Вам широкий ассортимент буров.</p>";"";"";"";"";"benzobury";"";"";"";"";"";""
"!Буровой инструмент и принадлежности для почвенных бензобуров";"";"";"";"";"";"";"";"<p>Большой выбор износостойких принадлежностей делает почвенные бензобуры  STIHL еще универсальнее.</p>";"<p>Большой выбор износостойких принадлежностей делает почвенные бензобуры  STIHL еще универсальнее. Предназначены для плотников, работников  жилищно-коммунальных и садово-парковых хозяйств. Для сверления отверстий  в древесине, изготовления заборов и скамеек, реставрации деревянных  построек. Широкий ассортимент практичных принадлежностей.</p>";"";"";"";"";"burovoy-instrument-i-prinadlezhnosti-dlya-pochvennykh-benzoburov";"";"";"";"";"";""
"!Цепной бензорез";"";"";"";"";"";"";"";"<p>Мощный цепной бензорез (4,3 кВт) с прочной алмазной цепью и подачей воды   для ручной резки таких строительных материалов как бетон и природный   камень, а также труб и кирпичной кладки.</p>";"<p>Мощный цепной бензорез (4,3 кВт) с прочной алмазной цепью и подачей воды  для ручной резки таких строительных материалов как бетон и природный  камень, а также труб и кирпичной кладки. Оснащен двигателем STIHL 2-MIX и  долговечной системой фильтрации воздуха с фильтром HD2. Для охлаждения,  связывания пыли и очистки шины и цепи используется вода. Идеально  подходит для демонтажа, реконструкции и переустройства.</p>";"";"";"";"";"tsepnoy-benzorez";"";"";"";"";"";""
"!Абразивно-отрезные устройства";"";"";"";"";"";"";"";"<p>Вам нужно выполнить длинные резы и при этом точно выдержать  глубину и  форму кромок? Тогда тележка STIHL FW 20 – это именно то, что  Вам нужно.</p>";"<div class='hr'></div>
<p>Вам нужно выполнить длинные резы и при этом точно выдержать  глубину и форму кромок? Тогда тележка STIHL FW 20 – это именно то, что  Вам нужно. С ней Ваше абразивно-отрезное устройство в два счета  превратится в многофункциональный аппарат: благодаря системе  быстрозажимных фиксаторов Вы можете быстро и легко монтировать и  демонтировать абразивно-отрезные устройства без использования  дополнительных инструментов. Удобный регулятор глубины на верхней  рукоятке позволяет без труда регулировать глубину реза.</p>";"";"";"";"";"abrazivno-otreznye-ustroystva";"";"";"";"";"";""
"!Тележки и принадлежности";"";"";"";"";"";"";"";"<p>Быстрота и простота эксплуатации</p>";"<div class='hr'></div>
<p>Применение абразивно-отрезных устройств STIHL на тележке  целесообразно на длинных участках реза или для обеспечения особо точной  формы кромок. Монтаж абразивно-отрезного устройства на тележку может  выполняться с помощью системы быстрозажимных фиксаторов. Удобный  регулятор глубины на верхней рукоятке позволяет без труда регулировать  глубину реза.</p>";"";"";"";"";"telezhki-i-prinadlezhnosti";"";"";"";"";"";""
"!Средства индивидуальной защиты";"";"";"";"";"";"";"";"<p>Индивидуальные  средства защиты STIHL не только снижают риск получения  травмы, но и  предотвращают опасность заболевания вследствие погодных  условий.</p>";"<p>STIHL уделяет большое внимание охране труда. Универсальную защиту  инструментов обеспечивает самая современная техника и высокое качество.  Дополнительную защиту обеспечивает наша программа принадлежностей,  которая оптимально дополняет технические средства защиты. Индивидуальные  средства защиты STIHL не только снижают риск получения травмы, но и  предотвращают опасность заболевания вследствие погодных условий. Особое  значение при изготовлении защитной одежды STIHL придается высокому  комфорту ношения.</p>";"";"";"";"";"sredstva-individualnoy-zashchity";"";"";"";"";"";""
"!Костюмы для лесохозяйственных работ";"";"";"";"";"";"";"";"<p>Безопасность продукции — это самое важное для STIHL.</p>";"<p>Безопасность продукции — это самое важное для STIHL. Наша  высококачественная защита от прорезания защитит вас в рискованных ситуациях. Чтобы вы всегда могли  положиться на качество STIHL, мы осуществляем проверку наших изделий на  соответствие строгим критериям, разработанным на нашем предприятии, а  также регулярно проходим испытания в сертифицированных институтах  Европы. Наши индивидуальные средства защиты отличаются эксклюзивными  функциональными деталями марки «made by STIHL» и материалами собственной  разработки. Например, материалы из стойких высокотехнологичных волокон будут защищать вас от воды, ветра и холода и  в то же время обеспечивать оптимальную воздухопроницаемость. Как бы вы  не были «упакованы», микроклимат в защитной одежде STIHL будет всегда  комфортным.</p>";"";"";"";"";"kostyumy-dlya-lesokhozyaystvennykh-rabot";"";"";"";"";"";""
"!Непромокаемая одежда";"";"";"";"";"";"";"";"<p>С непромокаемой одеждой STIHL ADVANCE и RAINTEC для работы  будет хороша любая погода.</p>";"<div class='hr'></div>
<p>С непромокаемой одеждой STIHL ADVANCE и RAINTEC для работы  будет хороша любая погода, поскольку куртки и брюки, которые вы просто  можете носить поверх одежды с защитой от прорезания, водо– и  ветронепроницаемы и держат тепло. При дожде, ветре или снеге.</p>";"";"";"";"";"nepromokaemaya-odezhda";"";"";"";"";"";""
"!Рабочая одежда";"";"";"";"";"";"";"";"<p>Самая лучшая рабочая одежда — это та, которую не чувствуют во время  работы.</p>";"<p>Самая лучшая рабочая одежда — это та, которую не чувствуют во время  работы. Поэтому рабочая одежда STIHL имеет высококачественную обработку,  хорошо сидит и имеет параметры, которые необходимы вам, чтобы  чувствовать себя комфортно во время рабочего процесса.</p>";"";"";"";"";"rabochaya-odezhda";"";"";"";"";"";""
"!Защитные перчатки, средства защиты слуха, глаз и лица";"";"";"";"";"";"";"";"<p>При использовании бензоинструмента камни, мусор, вода или опилки  зачастую подхватываются воздухом. Поэтому очень важно надежно защитить  голову и руки.</p>";"<p>При использовании бензоинструмента камни, мусор, вода или опилки  зачастую подхватываются воздухом. Поэтому очень важно надежно защитить  голову и руки. Эффективная защита головы состоит из прочной каски, щитка  для защиты лица и наушников. Во многих случаях, например, при кошении  мотокосой, необходимы дополнительные защитные очки. Кроме того, мы  рекомендуем специальные защитные перчатки, адаптированные к конкретным  вариантам применения.</p>";"";"";"";"";"zashchitnye-perchatki-sredstva-zashchity-slukha-glaz-i-litsa";"";"";"";"";"";""
"!Ботинки с защитой от прорезания и рабочая обувь";"";"";"";"";"";"";"";"<p>Хорошая обувь является основой безопасной работы при  использовании бензопил и других бензоинструментов.</p>";"<div class='hr'></div>
<p>Хорошая обувь является основой безопасной работы при  использовании бензопил и других бензоинструментов. Благодаря своей  рельефной подошве с крупным рисунком водоотталкивающие сапоги STIHL  обеспечивают устойчивое положение. Все модели имеют надёжный стальной  носок, защищающий ногу от падающих предметов. Вкладка с защитой от  порезов в наших ботинках повышает безопасность при работе с бензопилой.</p>";"";"";"";"";"botinki-s-zashchitoy-ot-prorezaniya-i-rabochaya-obuv";"";"";"";"";"";""
"!Костюм для лесохозяйственных работ ADVANCE";"";"";"";"";"";"";"";"";"";"";"";"";"";"kostyum-dlya-lesokhozyaystvennykh-rabot-advance";"";"";"";"";"";""
"!Костюм для лесохозяйственных работ STANDARD";"";"";"";"";"";"";"";"";"";"";"";"";"";"kostyum-dlya-lesokhozyaystvennykh-rabot-standard";"";"";"";"";"";""
"!Костюм для лесохозяйственных работ ECONOMY PLUS";"";"";"";"";"";"";"";"";"";"";"";"";"";"kostyum-dlya-lesokhozyaystvennykh-rabot-economy-plus";"";"";"";"";"";""
"!Костюм для лесохозяйственных работ DYNAMIC";"";"";"";"";"";"";"";"";"";"";"";"";"";"kostyum-dlya-lesokhozyaystvennykh-rabot-dynamic";"";"";"";"";"";""
"!Брюки для работы с кусторезом";"";"";"";"";"";"";"";"";"";"";"";"";"";"bryuki-dlya-raboty-s-kustorezom";"";"";"";"";"";""
"!Функциональные футболки";"";"";"";"";"";"";"";"";"";"";"";"";"";"funktsionalnye-futbolki";"";"";"";"";"";""
"!Подтяжки и ремни для инструментов";"";"";"";"";"";"";"";"";"";"";"";"";"";"podtyazhki-i-remni-dlya-instrumentov";"";"";"";"";"";""
"!Утепленная одежда";"";"";"";"";"";"";"";"";"";"";"";"";"";"uteplennaya-odezhda";"";"";"";"";"";""
"!Функциональная одежда";"";"";"";"";"";"";"";"";"";"";"";"";"";"funktsionalnaya-odezhda";"";"";"";"";"";""
"!Защита ног от прорезания";"";"";"";"";"";"";"";"";"";"";"";"";"";"zashchita-nog-ot-prorezaniya";"";"";"";"";"";""
"!Одежда сигнального цвета";"";"";"";"";"";"";"";"";"";"";"";"";"";"odezhda-signalnogo-tsveta";"";"";"";"";"";""
"!Защита головы";"";"";"";"";"";"";"";"";"";"";"";"";"";"zashchita-golovy";"";"";"";"";"";""
"!Средства для защиты лица и органов слуха";"";"";"";"";"";"";"";"";"";"";"";"";"";"sredstva-dlya-zashchity-litsa-i-organov-slukha";"";"";"";"";"";""
"!Защита органов слуха";"";"";"";"";"";"";"";"";"";"";"";"";"";"zashchita-organov-slukha";"";"";"";"";"";""
"!Защитные очки";"";"";"";"";"";"";"";"";"";"";"";"";"";"zashchitnye-ochki";"";"";"";"";"";""
"!Перчатки";"";"";"";"";"";"";"";"";"";"";"";"";"";"perchatki";"";"";"";"";"";""
"!Принадлежности и смазочные материалы";"";"";"";"";"";"";"";"<p>Наши высококачественные смазочные материалы сгорают почти без остатка,  великолепно смазывают детали, почти не портятся при долгом хранении и  невероятно экологичны.</p>";"<p>Наши высококачественные смазочные материалы сгорают почти без остатка, великолепно смазывают детали, почти не портятся при долгом хранении и невероятно экологичны. Что думаете об этом вы и ваш инструмент от STIHL? Безупречный ход, долгий срок службы и высокая степень защиты. Эти преимущества дополняются принадлежностями, которые обеспечат качество транспортировки и заправки ваших инструментов. Одним словом, лучшее для вашей работы вместе со STIHL.</p>";"";"";"";"";"prinadlezhnosti-i-smazochnye-materialy";"";"";"";"";"";""
"!Инструменты для ухода за режущей гарнитурой";"";"";"";"";"";"";"";"<p>Даже самая совершенная техника, изготовленная по передовым технологиям,  требует тщательного ухода.</p>";"<p>Даже самая совершенная техника, изготовленная по передовым технологиям,  требует тщательного ухода. Поэтому мы разработали прочные инструменты  для ухода за режущей гарнитурой. Если Вы регулярно пользуетесь  напильниками, контрольными калибрами и приспособлениями для заточки  STIHL, то Вы можете быть уверены, что режущая гарнитура Вашего  инструмента всегда находится в отличном состоянии.</p>";"";"";"";"";"instrumenty-dlya-ukhoda-za-rezhushchey-garnituroy";"";"";"";"";"";""
"!Принадлежности для аккумуляторной техники";"";"";"";"";"";"";"";"<p>Не важно  профессионал Вы или любитель - Вы подберете себе принадлежности, которые  будут отвечать всем Вашим требованиям.</p>";"<p>Мощный литий-ионный аккумулятор, два зарядных устройства и комфортные  принадлежности являются практичным дополнением к инструменту. Не важно  профессионал Вы или любитель - Вы подберете себе принадлежности, которые  будут отвечать всем Вашим требованиям.</p>";"";"";"";"";"prinadlezhnosti-dlya-akkumulyatornoy-tekhniki";"";"";"";"";"";""
"!Моторные масла и смазочные материалы STIHL";"";"";"";"";"";"";"";"<p>Наши моторные масла и смазочные материалы вносят свой вклад в  экологичность бензопил и моторизованного инструмента.</p>";"<p>Наши моторные масла и смазочные материалы вносят свой вклад в  экологичность бензопил и моторизованного инструмента. Моторные масла  STIHL изготавливаются на основе нетоксичных первичных рафинатов. Рабочие  смеси, которые составляются из различных масел STIHL, можно без  раздумий смешивать друг с другом. Благодаря HP Super, отложения сводятся  к минимуму, поэтому увеличивается срок службы двигателей. С HP Ultra  срок службы увеличивается ещё больше благодаря наиболее оптимальной  смазке.</p>";"";"";"";"";"motornye-masla-i-smazochnye-materialy-stihl";"";"";"";"";"";""
"!Программа инструментов для лесного хозяйства";"";"";"";"";"";"";"";"<p>Высококачественные изделия программы инструментов и аксессуаров STIHL   для лесного хозяйства за несколько десятилетий на практике   зарекомендовали себя с самой лучшей стороны.</p>";"<p>Высококачественные изделия программы инструментов и аксессуаров STIHL  для лесного хозяйства за несколько десятилетий на практике  зарекомендовали себя с самой лучшей стороны. Наши аксессуары  обеспечивают максимальный комфорт при обращении с бензопилами и  инструментами. В дополнительную программу инструментов STIHL для лесного  хозяйства включены высококачественные изделия, необходимые для ухода за  зелеными насаждениями, валки леса и ландшафтных работ.</p>";"";"";"";"";"programma-instrumentov-dlya-lesnogo-khozyaystva";"";"";"";"";"";""
"!Кожухи цепи и футляры";"";"";"";"";"";"";"";"";"";"";"";"";"";"kozhukhi-tsepi-i-futlyary";"";"";"";"";"";""
"!Заклёпочно–расклёпочное оборудование, заточное устройство";"";"";"";"";"";"";"";"";"";"";"";"";"";"zaklёpochnorasklёpochnoe-oborudovanie-zatochnoe-ustroystvo";"";"";"";"";"";""
"!Сучкорезы, садовые пилы, садовые ножницы";"";"";"";"";"";"";"";"<p>Высококачественная обработка и удобство эксплуатации делают  инструменты незаменимыми и надёжными помощниками.</p>";"<div class='hr'></div>
<p>Высококачественная обработка и удобство эксплуатации делают  инструменты незаменимыми и надёжными помощниками при уходе за зелёными  насаждениями, заготовке древесины, ландшафтном проектировании или при  выполнении работ в саду. Неважно, собираетесь ли вы резать, пилить,  снимать стружку, валить деревья, обрезать сучья, заготовить дрова,  тянуть, поворачивать, передвигать, измерять, выполнять разметку деревьев  или маркировку — мы предлагаем вам широкий выбор качественных  инструментов и подходящих к ним принадлежностей.</p>";"";"";"";"";"suchkorezy-sadovye-pily-sadovye-nozhnitsy";"";"";"";"";"";""
"!Моторные масла и адгезионные масла STIHL";"";"";"";"";"";"";"";"";"";"";"";"";"";"motornye-masla-i-adgezionnye-masla-stihl";"";"";"";"";"";""
"!Моющие средства и смазочные материалы STIHL";"";"";"";"";"";"";"";"";"";"";"";"";"";"moyushchie-sredstva-i-smazochnye-materialy-stihl";"";"";"";"";"";""
"!Канистры и системы заправки";"";"";"";"";"";"";"";"";"";"";"";"";"";"kanistry-i-sistemy-zapravki";"";"";"";"";"";""
"!Инструменты для лесохозяйственных и ландшафтных работ";"";"";"";"";"";"";"";"<p>Высококачественная обработка и удобство эксплуатации делают  инструменты  незаменимыми и надёжными помощниками при уходе за зелёными   насаждениями, заготовке древесины, ландшафтном проектировании или при   выполнении работ в саду.</p>";"<div class='hr'></div>
<p>Высококачественная обработка и удобство эксплуатации делают  инструменты незаменимыми и надёжными помощниками при уходе за зелёными  насаждениями, заготовке древесины, ландшафтном проектировании или при  выполнении работ в саду. Неважно, собираетесь ли вы резать, пилить,  снимать стружку, валить деревья, обрезать сучья, заготовить дрова,  тянуть, поворачивать, передвигать, измерять, выполнять разметку деревьев  или маркировку — мы предлагаем вам широкий выбор качественных  инструментов и подходящих к ним принадлежностей.</p>";"";"";"";"";"instrumenty-dlya-lesokhozyaystvennykh-i-landshaftnykh-rabot";"";"";"";"";"";""
"!Инструмент и аксессуары для измерений и разметки";"";"";"";"";"";"";"";"<p>Инструмент и аксессуары для измерений и разметки STIHL  делают работу точной.</p>";"<div class='hr'></div>
<p>Инструмент и аксессуары для измерений и разметки STIHL  делают работу точной. На этой странице Вы найдете инструменты для  измерений диаметра стволов деревьев или длины деревьев. Для точной  разметки мы предлагаем Вам ленты, спреи и мел. Для более удобной работы  есть специальные принадлежности: держатели и футляры.</p>";"";"";"";"";"instrument-i-aksessuary-dlya-izmereniy-i-razmetki";"";"";"";"";"";""
"!Козлы";"";"";"";"";"";"";"";"<p>Пиление дров и обработка лесоматериалов становится очень  комфортной при использовании устойчивых козел STIHL.</p>";"<div class='hr'></div>
<p>Пиление дров и обработка лесоматериалов становится очень  комфортной при использовании устойчивых козел STIHL. Козлы STIHL имеются  в различном исполнении: металлические или деревянные.</p>";"";"";"";"";"kozly";"";"";"";"";"";""
"!Багры, окорочные лопатки и крюки";"";"";"";"";"";"";"";"<div class='hr'></div>
<p>Идет ли речь о перемещении стволов деревьев, или о  направлении падения деревьев у компании STIHL всегда есть подходящий  инструмент.</p>";"<div class='hr'></div>
<p>Идет ли речь о перемещении стволов деревьев, или о  направлении падения деревьев у компании STIHL всегда есть подходящий  инструмент.</p>";"";"";"";"";"bagry-okorochnye-lopatki-i-kryuki";"";"";"";"";"";""
"!Лесорубные топоры, топоры-колуны и колуны-молоты";"";"";"";"";"";"";"";"<div class='hr'></div>
<p>У STIHL есть правильные топоры для индивидуальных  требований.</p>";"<div class='hr'></div>
<p>У STIHL есть правильные топоры для индивидуальных  требований. У нас Вы найдете специальные модели для универсального  применения для обрубки сучьев, для заготовки дров, рубки леса и ухода за  деревьями.</p>";"";"";"";"";"lesorubnye-topory-topory-koluny-i-koluny-moloty";"";"";"";"";"";""
"!Серп, скобель и клинья";"";"";"";"";"";"";"";"<p>У компании STIHL есть большой ассортимент ручного инструмента для лесохозяйственных работ и валки леса.</p>";"<p>У компании STIHL есть большой ассортимент ручного инструмента для лесохозяйственных работ и валки леса. Например, различные серпы для удаления мелкого кустарника и мелких веток, скобели и клинья.</p>";"";"";"";"";"serp-skobel-i-klinya";"";"";"";"";"";""
"!STIHL";"";"";"";"";"";"";"";"";"<p>Доставка продукции данного производителя осуществляется <strong>исключительно</strong> нашим консультантом.</p>
<p>Консультирование, инструктаж и сервисное обслуживание (в том числе и из  соображений безопастности) являются неотъемлемыми этапами реализации  высококачественных и сложных изделий Stihl и Viking.</p>
<p>Телефоны для справок: <br />(343) 328-66-80<br />(34368) 79-001, 79-002<br />+7 (922) 188-66-80</p>
<p>Будем рады видеть Вас в нашем магазине по адресу:<br />Верхняя Пышма, ул. Петрова, 11</p>";"";"";"";"";"stihl";"";"";"";"";"";""
"!VIKING";"";"";"";"";"";"";"";"";"<p>Доставка продукции данного производителя осуществляется <strong>исключительно</strong> нашим консультантом.</p>
<p>Консультирование, инструктаж и сервисное обслуживание (в том числе и  из  соображений безопастности) являются неотъемлемыми этапами реализации   высококачественных и сложных изделий Stihl и Viking.</p>
<p>Телефоны для справок: <br />(343) 328-66-80<br />(34368) 79-001, 79-002<br />+7 (922) 188-66-80</p>
<p>Будем рады видеть Вас в нашем магазине по адресу:<br />Верхняя Пышма, ул. Петрова, 11</p>";"";"";"";"";"viking";"";"";"";"";"";""
"!TYROLIT";"";"";"";"";"";"";"";"";"";"";"";"";"";"tyrolit";"";"";"";"";"";""
"!Газонокосилки";"";"";"";"";"";"";"";"<p>Наши газонокосилки просты в эксплуатации и обслуживании.</p>";"<p><span style='color: #444444; font-family: Arial, 'Trebuchet MS', Helvetica, sans-serif; font-size: 12px; font-style: normal; font-variant: normal; font-weight: normal; letter-spacing: normal; line-height: 16px; orphans: auto; text-align: start; text-indent: 0px; text-transform: none; white-space: normal; widows: auto; word-spacing: 0px; display: inline !important; float: none;'>Садовые работы с использованием надежных газонокосилок VIKING станут безопаснее и проще. Наши газонокосилки просты в эксплуатации и обслуживании. Газонокосилки VIKING никогда не дадут Вам усомниться в правильности своего выбора. Богатый ассортимент включает в себя как классические газонокосилки, так и запатентованные многофункциональные газонокосилки, которые могут применяться на выбор для кошения и мульчирования.</span></p>";"";"";"";"";"gazonokosilki";"";"";"";"";"";""
"!Генераторы и электростанции KIPOR";"";"";"";"";"";"";"";"";"";"";"";"";"";"generatory-i-elektrostantsii-kipor";"";"";"";"";"";""
"!Бензогенераторы";"";"";"";"";"";"";"";"";"";"";"";"";"";"benzogeneratory";"";"";"";"";"";""
"!Аккумуляторная газонокосилка";"";"";"";"";"";"";"";"<p><span style='color: #444444; font-family: Arial, 'Trebuchet MS', Helvetica, sans-serif; font-size: 12px; font-style: normal; font-variant: normal; font-weight: normal; letter-spacing: normal; line-height: 16px; orphans: auto; text-align: start; text-indent: 0px; text-transform: none; white-space: normal; widows: auto; word-spacing: 0px; display: inline !important; float: none;'>Многие, разумеется, ценят преимущества электрической газонокосилки, но охотно бы избавились бы от ее электрокабеля. </span></p>";"<p><span style='color: #444444; font-family: Arial, 'Trebuchet MS', Helvetica, sans-serif; font-size: 12px; font-style: normal; font-variant: normal; font-weight: normal; letter-spacing: normal; line-height: 16px; orphans: auto; text-align: start; text-indent: 0px; text-transform: none; white-space: normal; widows: auto; word-spacing: 0px; display: inline !important; float: none;'>Многие, разумеется, ценят преимущества электрической газонокосилки, но охотно бы избавились бы от ее электрокабеля. Это им позволяют сделать инновационные аккумуляторные газонокосилки. Одной зарядки мощных литиево-ионных аккумуляторных батарей хватает для ска- шивания площади до 300 м2. Прочный полимерный корпус, 5-ступенчатая регулировка высоты срезания, колеса, установленные на двойных шарикоподшипниках, и односторонняя удобная ведущая ручка (MA 339 C) обеспечивают легкий и комфортабельный уход за газонами.</span></p>";"";"";"";"";"akkumulyatornaya-gazonokosilka";"";"";"";"";"";""
"!Электрические газонокосилки VIKING";"";"";"";"";"";"";"";"<p><span style='color: #444444; font-family: Arial, 'Trebuchet MS', Helvetica, sans-serif; font-size: 12px; font-style: normal; font-variant: normal; font-weight: normal; letter-spacing: normal; line-height: 16px; orphans: auto; text-align: start; text-indent: 0px; text-transform: none; white-space: normal; widows: auto; word-spacing: 0px; display: inline !important; float: none;'>Лёгкие электрические газонокосилки VIKING можно использовать везде, где есть электроснабжение.</span></p>";"<p><span style='color: #444444; font-family: Arial, 'Trebuchet MS', Helvetica, sans-serif; font-size: 12px; font-style: normal; font-variant: normal; font-weight: normal; letter-spacing: normal; line-height: 16px; orphans: auto; text-align: start; text-indent: 0px; text-transform: none; white-space: normal; widows: auto; word-spacing: 0px; display: inline !important; float: none;'>Лёгкие электрические газонокосилки VIKING можно использовать везде, где есть электроснабжение. Их отличает надёжность, простота обслуживания, высокая производительность срезания и сбора травы. Электрические газонокосилки VIKING различаются по классам в зависимости от мощности двигателя и вариантам исполнения, например для газонов малых или средних размеров, с приводом колёс и удобной функцией мульчирования. Компактные электрические газонокосилки 4-й серии особенно выгодны по соотношению цена-мощность. С помощью газонокосилок новой 5-й серии можно также быстро, комфортно и качественно привести газон в порядок.</span></p>";"";"";"";"";"elektricheskie-gazonokosilki-viking";"";"";"";"";"";""
"!Бензиновые газонокосилки для средних газонов";"";"";"";"";"";"";"";"<p><span style='color: #444444; font-family: Arial, 'Trebuchet MS', Helvetica, sans-serif; font-size: 12px; font-style: normal; font-variant: normal; font-weight: normal; letter-spacing: normal; line-height: 16px; orphans: auto; text-align: start; text-indent: 0px; text-transform: none; white-space: normal; widows: auto; word-spacing: 0px; display: inline !important; float: none;'>Комфортные  бензиновые газонокосилки VIKING, 2-й, 4-й и 5-й серии для участков  средних размеров, в зависимости от задач, имеют различные классы по  мощности двигателя и варианты исполнения. </span></p>";"<p><span style='color: #444444; font-family: Arial, 'Trebuchet MS', Helvetica, sans-serif; font-size: 12px; font-style: normal; font-variant: normal; font-weight: normal; letter-spacing: normal; line-height: 16px; orphans: auto; text-align: start; text-indent: 0px; text-transform: none; white-space: normal; widows: auto; word-spacing: 0px; display: inline !important; float: none;'>Комфортные бензиновые газонокосилки VIKING, 2-й, 4-й и 5-й серии для участков средних размеров, в зависимости от задач, имеют различные классы по мощности двигателя и варианты исполнения. Например, с приводом колёс, позволяющим экономить силы, инновационной системой Ready Start (лёгкий запуск), плавно регулируемым приводом Vario или с практичной системой тормоз/муфта ножа. Универсальные мультифункциональные косилки VIKING могут по желанию косить или мульчировать. Компактные бензиновые газонокосилки 4-й серии особенно выгодны по соотношению цена - мощность.</span></p>";"";"";"";"";"benzinovye-gazonokosilki-dlya-srednikh-gazonov";"";"";"";"";"";""
"!Бензиновые газонокосилки для больших газонов";"";"";"";"";"";"";"";"<p><span style='color: #444444; font-family: Arial, 'Trebuchet MS', Helvetica, sans-serif; font-size: 12px; font-style: normal; font-variant: normal; font-weight: normal; letter-spacing: normal; line-height: 16px; orphans: auto; text-align: start; text-indent: 0px; text-transform: none; white-space: normal; widows: auto; word-spacing: 0px; display: inline !important; float: none;'>Бензиновые  газонокосилки VIKING 6-й серии для средних и больших участков более  удобны в управлении, имеют более высокую стартовую мощность и  производительность кошения по сравнению с аналогичными газонокосилками.</span></p>";"<p><span style='color: #444444; font-family: Arial, 'Trebuchet MS', Helvetica, sans-serif; font-size: 12px; font-style: normal; font-variant: normal; font-weight: normal; letter-spacing: normal; line-height: 16px; orphans: auto; text-align: start; text-indent: 0px; text-transform: none; white-space: normal; widows: auto; word-spacing: 0px; display: inline !important; float: none;'>Бензиновые газонокосилки VIKING 6-й серии для средних и больших участков более удобны в управлен</span><a href='http://u24223.netangels.ru/control/#'>Ok</a><span style='color: #444444; font-family: Arial, 'Trebuchet MS', Helvetica, sans-serif; font-size: 12px; font-style: normal; font-variant: normal; font-weight: normal; letter-spacing: normal; line-height: 16px; orphans: auto; text-align: start; text-indent: 0px; text-transform: none; white-space: normal; widows: auto; word-spacing: 0px; display: inline !important; float: none;'>ии, имеют более высокую стартовую мощность и производительность кошения по сравнению с аналогичными газонокосилками. Новая 6-я серия имеет различные варианты оснащения. Например, с удобной системой лёгкого запуска Ready Start, инновационным приводом Vario для плавной регулировки скорости, удобным оборудованием для мульчирования или практичной системой тормоз/муфта ножа.</span></p>";"";"";"";"";"benzinovye-gazonokosilki-dlya-bolshikh-gazonov";"";"";"";"";"";""
"!Мульчирующие косилки";"";"";"";"";"";"";"";"<p><span style='color: #444444; font-family: Arial, 'Trebuchet MS', Helvetica, sans-serif; font-size: 12px; font-style: normal; font-variant: normal; font-weight: normal; letter-spacing: normal; line-height: 16px; orphans: auto; text-align: start; text-indent: 0px; text-transform: none; white-space: normal; widows: auto; word-spacing: 0px; display: inline !important; float: none;'>Работать   в саду с мульчирующей газонокосилкой VIKING намного удобнее чем с   обычной, потому что отсутствует трудоёмкий процесс очищения   травосборника. </span></p>";"<p><span style='color: #444444; font-family: Arial, 'Trebuchet MS', Helvetica, sans-serif; font-size: 12px; font-style: normal; font-variant: normal; font-weight: normal; letter-spacing: normal; line-height: 16px; orphans: auto; text-align: start; text-indent: 0px; text-transform: none; white-space: normal; widows: auto; word-spacing: 0px; display: inline !important; float: none;'>Работать  в саду с мульчирующей газонокосилкой VIKING намного удобнее чем с  обычной, потому что отсутствует трудоёмкий процесс очищения  травосборника. Инновационный косилочный механизм настолько измельчает  траву, что её можно не утилизировать. Измельчённая скошенная трава  остается на газоне в качестве подкормки газона ценными питательными  веществами. Это экономит удобрения, время и силы. Нужно просто один раз  попробовать.  </span></p>";"";"";"";"";"mulchiruyushchie-kosilki";"";"";"";"";"";""
"!Специальные газонокосилки";"";"";"";"";"";"";"";"<p><span style='color: #444444; font-family: Arial, 'Trebuchet MS', Helvetica, sans-serif; font-size: 12px; font-style: normal; font-variant: normal; font-weight: normal; letter-spacing: normal; line-height: 16px; orphans: auto; text-align: start; text-indent: 0px; text-transform: none; white-space: normal; widows: auto; word-spacing: 0px; display: inline !important; float: none;'>Мощная  и невероятно мобильная трёхколесная косилка MB 6 RH для скашивания  высокой травы на участках площадью до 2500м² быстро расправляется с  длинными стеблями в зонах, где очень редко косят.</span></p>";"<p><span style='color: #444444; font-family: Arial, 'Trebuchet MS', Helvetica, sans-serif; font-size: 12px; font-style: normal; font-variant: normal; font-weight: normal; letter-spacing: normal; line-height: 16px; orphans: auto; text-align: start; text-indent: 0px; text-transform: none; white-space: normal; widows: auto; word-spacing: 0px; display: inline !important; float: none;'>Мощная и невероятно мобильная трёхколесная косилка MB 6 RH для скашивания высокой травы на участках площадью до 2500м² быстро расправляется с длинными стеблями в зонах, где очень редко косят. Высокоманевренные трёхколесные косилки VIKING™ MB 3 RC и MB 3 RT с приводом колёс легко огибают кусты и деревья. Они незаменимы для участков площадью до 1500м² и применяются по выбору в качестве мульчирующих косилок или косилок с боковым выбросом для скашивания высокой травы. Лёгкая и мощная мульчирующая косилка VIKING MB 2 R превосходно подходит для ухода за газонами в небольших и средних садах.</span></p>";"";"";"";"";"spetsialnye-gazonokosilki";"";"";"";"";"";""
"!Газонокосилки для профессионального применения";"";"";"";"";"";"";"";"<p><span style='color: #444444; font-family: Arial, 'Trebuchet MS', Helvetica, sans-serif; font-size: 12px; font-style: normal; font-variant: normal; font-weight: normal; letter-spacing: normal; line-height: 16px; orphans: auto; text-align: start; text-indent: 0px; text-transform: none; white-space: normal; widows: auto; word-spacing: 0px; display: inline !important; float: none;'>Комфортная, мощная бензиновая газонокосилка с двигателем Kawasaki OHV для профессионального использования на больших площадях.</span></p>";"<p><span style='color: #444444; font-family: Arial, 'Trebuchet MS', Helvetica, sans-serif; font-size: 12px; font-style: normal; font-variant: normal; font-weight: normal; letter-spacing: normal; line-height: 16px; orphans: auto; text-align: start; text-indent: 0px; text-transform: none; white-space: normal; widows: auto; word-spacing: 0px; display: inline !important; float: none;'>Комфортная, мощная бензиновая газонокосилка с двигателем Kawasaki OHV для профессионального использования на больших площадях. Надёжная и долговечная благодаря алюминиевому корпусу, сменным буртикам и бамперу из резины. Усиленная ходовая часть, металлические диски, резиновые шины и трёхскоростной привод колес обеспечивают агрегату хорошую проходимость. Дополнительный комфорт в работе достигается благодаря эргономичной регулируемой ручке и муфте ножа.</span></p>";"";"";"";"";"gazonokosilki-dlya-professionalnogo-primeneniya";"";"";"";"";"";""
"!Аэраторы газона";"";"";"";"";"";"";"";"<p>Аэраторы VIKING позаботятся о том, чтобы газон доставлял Вам  радость как можно дольше.</p>";"<div class='hr'></div>
<p>Аэраторы VIKING позаботятся о том, чтобы газон доставлял Вам  радость как можно дольше. Жёстко закрепленные металлические зубья  аэратора обеспечат доступ воздуха и света для бурного роста газонных  растений, а сорняки, мох, старая скошенная трава и быстро  распространяющийся травяной войлок исчезнут в процессе аэрации. Подарите  газону оздоровительную процедуру и превратите его в свой личный зелёный  оазис.</p>";"";"";"";"";"aeratory-gazona";"";"";"";"";"";""
"!Тракторы для газонов";"";"";"";"";"";"";"";"<p>Кошение газона на высококачественных тракторах VIKING доставит Вам много  удовольствия.</p>";"<p>Кошение газона на высококачественных тракторах VIKING доставит Вам много  удовольствия. Инновационные трактора для газонов серий T5 и T6,  оснащенные гидростатическим приводом, исключительно производительны и  легко справляются даже с густой травой. Опциональная принадлежность для  всех тракторов для газонов - практичный комплект для мульчирования,  позволяющий на выбор или косить, или мульчировать.</p>";"";"";"";"";"traktory-dlya-gazonov";"";"";"";"";"";""
"!Райдер";"";"";"";"";"";"";"";"<p>На этих манёвренных садовых помощниках можно смело браться за дело:   специальная система переключения переднего и заднего хода облегчает   процесс маневрирования, при этом диаметр разворота остается на удивление   небольшим, а гидростатическая автоматическая коробка передач работает   необычайно плавно.</p>";"<p>На этих манёвренных садовых помощниках можно смело браться за дело:  специальная система переключения переднего и заднего хода облегчает  процесс маневрирования, при этом диаметр разворота остается на удивление  небольшим, а гидростатическая автоматическая коробка передач работает  необычайно плавно. Удобное регулируемое сиденье водителя не нужно  покидать даже чтобы опорожнить травосборник. Для этого достаточно  потянуть за соответствующую саблевидную ручку. Все остальные элементы  управления, например, муфта ножа для переключения между режимами  движения и скашивания или регулятор высоты среза, также расположены  таким образом, чтобы все функции всегда были под контролем.</p>";"";"";"";"";"rayder";"";"";"";"";"";""
"!Тракторы";"";"";"";"";"";"";"";"<p>Инновационные тракторы для газонов идеально сочетают качество и самые  современные технологии.</p>";"<p>Инновационные тракторы для газонов идеально сочетают качество и самые  современные технологии. Это подтверждается не только высокой  производительностью кошения, но и впечатляющей функциональностью и  исключительным удобством при движении и управлении. Тракторы для газонов  VIKING серии T5 и T6 выпускаются с различными механизмами, разной  шириной кошения и дополнительным комплектом для мульчирования.  Эксклюзивно для серии Т6 в качестве принадлежности представлена:  контурная следящая система AKF, позволяющая придавать всем известную  полосатую форму поверхности газона.</p>";"";"";"";"";"traktory";"";"";"";"";"";""
"!Культиваторы";"";"";"";"";"";"";"";"<p>С мотокультиваторами VIKING можно идти мощно напролом, разрыхляя все на  пути.</p>";"<p>С мотокультиваторами VIKING можно идти мощно напролом, разрыхляя все на  пути. Именно поэтому на протяжении многих лет они являются надёжными  помощникам садоводов, фермеров и специалистов по ландшафтному дизайну.  Совершенная техника и компактная конструкция. Обширные комплекты  оснастки и принадлежностей обеспечивают мультифункциональное применение  культиваторов.</p>";"";"";"";"";"kultivatory";"";"";"";"";"";""
"!Садовые измельчители";"";"";"";"";"";"";"";"<p>Мощные садовые измельчители VIKING перерабатывают практически все, что имеется в саду в качестве природного  сырья: обрезки деревьев и кустарников или остатки растений.  Многочисленные международные награды подтверждают высочайшее качество  универсальных садовых измельчителей VIKING.</p>";"<p>Мощные садовые измельчители VIKING перерабатывают практически все, что имеется в саду в качестве природного  сырья: обрезки деревьев и кустарников или остатки растений.  Многочисленные международные награды подтверждают высочайшее качество  универсальных садовых измельчителей VIKING.</p>";"";"";"";"";"sadovye-izmelchiteli";"";"";"";"";"";""
"!Электроизмельчитель малошумный";"";"";"";"";"";"";"";"<p>Тихо, но очень эффективно электроизмельчитель GE 35 L перерабатывает  срезанные ветки деревьев и кустов.</p>";"<p>Тихо, но очень эффективно электроизмельчитель GE 35 L перерабатывает  срезанные ветки деревьев и кустов. Медленно вращающаяся шестерня для  резания автоматически втягивает ветки и сучья, работая без отдачи. Ветки  размалываются, полученный материал идеально подходит для приготовления  компоста и мульчи.</p>";"";"";"";"";"elektroizmelchitel-maloshumnyy";"";"";"";"";"";""
"!Электроизмельчители с режущим механизмом";"";"";"";"";"";"";"";"<div class='hr'></div>
<p>Электроизмельчители имеют запатентованную режущую систему типа  «сэндвич».</p>";"<div class='hr'></div>
<p>Электроизмельчитель GE 105 всё режет на мельчайшие кусочки -  и прутья, и ветки, и мягкий материал, такой как листья или остатки  растений. GE 150, GE 250 S и GE 260 S перерабатывают также толстые  сучья. Электроизмельчители имеют запатентованную режущую систему типа  «сэндвич».</p>";"";"";"";"";"elektroizmelchiteli-s-rezhushchim-mekhanizmom";"";"";"";"";"";""
"!Электроизмельчители с механизмом измельчения";"";"";"";"";"";"";"";"<p>С большим аппетитом эти измельчители поглощают большие объемы  толстых  сучьев и развесистых веток.</p>";"<p>С большим аппетитом эти измельчители поглощают большие объемы  толстых  сучьев и развесистых веток, а модели GE 250 и  GE 260 - даже такой  мягкий материал, как срезанную траву и листву.</p>";"";"";"";"";"elektroizmelchiteli-s-mekhanizmom-izmelcheniya";"";"";"";"";"";""
"!Комбинированные измельчители с двумя функциями";"";"";"";"";"";"";"";"<p>Мощные комбинированные измельчители VIKING обладают ярко выраженными  качествами универсалов.</p>";"<p>Мощные комбинированные измельчители VIKING обладают ярко выраженными  качествами универсалов. Инновационная режущая система с переключателем  режимов перерабатывает по выбору мягкие остатки растений или твердые  сучья толщиной до 40 мм. Большая загрузочная воронка и оптимальная  рабочая высота максимально упрощают процедуру заполнения измельчителя.  Удобные для использования комбинированные измельчители VIKING быстро и  качественно перерабатывают даже большие объёмы растительного материала.</p>";"";"";"";"";"kombinirovannye-izmelchiteli-s-dvumya-funktsiyami";"";"";"";"";"";""
"!Измельчители с бензиновым двигателем";"";"";"";"";"";"";"";"<div class='hr'></div>
<p>Бензиновые садовые измельчители – это идеальное решение для  мобильного использования.</p>";"<div class='hr'></div>
<p>Бензиновые садовые измельчители – это идеальное решение для  мобильного использования. Мощные. Надёжные. С широкой ходовой частью для  устойчивости. Поставляются в исполнении GB 370 S с наклонной воронкой ,  Multi-Cut 370 для переработки сучьев толщиной до 45 мм или GB 370 для  измельчения тонких сучьев и остатков растений.</p>";"";"";"";"";"izmelchiteli-s-benzinovym-dvigatelem";"";"";"";"";"";""
"!Системы алмазного сверления";"";"";"";"";"";"";"";"<p>Применяются для сверления сквозных и глухих отверстий малых, средних и  больших диаметров в железобетоне, кирпичной и каменной кладке и других  минеральных материалов без вибрации, сильного шума и пыли.</p>";"<p>Применяются для сверления сквозных и глухих отверстий малых, средних и больших диаметров в железобетоне, кирпичной и каменной кладке и других минеральных материалов без вибрации, сильного шума и пыли.</p>
<p>Отверстия малых диаметров (Ø 10 ÷ 42 мм):<br />- под анкерные крепления (механические и химические анкера)<br />- под трубы отопления<br />- под электропроводку<br /><br />Отверстия средних диаметров (Ø 52 ÷ 162 мм):<br />- под трубы отопления и канализации<br />- под системы коммуникаций<br />- для взятия проб<br />- под системы кондиционирования<br />- серийные отверстия (под проемы)<br />- угловые отверстия для работы со стенорезными машинами<br /><br />Отверстия больших диаметров (Ø 182 ÷ 500 (1000) мм):<br />- под трубы больших диаметров<br />- под прокладку кабелей, кабельных лотков<br />- в фундаментах (усиления)<br />- под вентиляцию</p>";"";"";"";"";"sistemy-almaznogo-sverleniya";"";"";"";"";"";""
"!Системы алмазного резания";"";"";"";"";"";"";"";"<p>Стенорезные машины обеспечивают высокопроизводительное дисковое резание  железобетона, кирпичной и каменной кладки без вибрации, сильного шума и  пыли.</p>";"<p>Стенорезные машины обеспечивают высокопроизводительное дисковое резание железобетона, кирпичной и каменной кладки без вибрации, сильного шума и пыли.</p>
<p>Применяются для изготовления дверных и оконных проемов, коррекционных работ (увеличение проемов и др.), работ по демонтажу железобетонных конструкций (перекрытий, стен, колонн, балок, свай), нарезки штроб и швов.<br /><br />Канатное резание обеспечивает огромный охват всех видов работ по демонтажу, корректировке железобетонных, кирпичных и каменных конструкций: резание перекрытий, стен, свай любой толщины.<br />Возможность резания без подачи воды (применяется гальванический канат).<br />Возможность резания 100%-ой стали (специальный гальванический канат).<br />Вырезание отверстий больших диаметров (Ø 500 ÷ 2500 мм), используя циркульную систему.</p>";"";"";"";"";"sistemy-almaznogo-rezaniya";"";"";"";"";"";""
"!Нарезчики швов";"";"";"";"";"";"";"";"<p>Предназначены для резания поверхностей (полов) из старого и свежего бетона, асфальта без сильного шума, пыли и вибраций.</p>";"<p>Предназначены для резания поверхностей (полов) из старого и свежего бетона, асфальта без сильного шума, пыли и вибраций.<br /><br />Применение:<br />- ремонт дорог с асфальтовым и бетонным покрытием<br />- снятие поврежденного асфальта<br />- прокладка кабелей, трубопроводов<br />- демонтаж бетонных покрытий с дорог (аэропорты, мосты, автомагистрали)<br />- нарезание деформационных швов и штроб в свежем и старом бетоне<br />- расширение швов</p>";"";"";"";"";"narezchiki-shvov";"";"";"";"";"";""
"!Железобетоноломы";"";"";"";"";"";"";"";"<p>Демонтаж (разрушение) железобетонных, каменных и кирпичных конструкций без воды, шума, пыли и вибраций.</p>
<p>Контролируемое разрушение большого объема железобетона, камня.</p>";"<p>Демонтаж (разрушение) железобетонных, каменных и кирпичных конструкций без воды, шума, пыли и вибраций.<br /><br />Применение:<br />- контролируемое разрушение большого объема железобетона, камня;<br />- применяется в паре со стенорезными или канатными системами.</p>";"";"";"";"";"zhelezobetonolomy";"";"";"";"";"";""
"!Станки для резки";"";"";"";"";"";"";"";"<p>Резание плитки из искусственного и природного камня, а также других  строительных материалов (кирпич, бетонные блоки, мрамор и др.)</p>";"<p>Резание плитки из искусственного и природного камня, а также других строительных материалов (кирпич, бетонные блоки, мрамор и др.)<br /><br />Применение:<br />- нарезание гранитной и мраморной плитки, кирпича, бетонных блоков в размер прямо на стройплощадке.</p>";"";"";"";"";"stanki-dlya-rezki";"";"";"";"";"";""
"!Диски и чашки для машин";"";"";"";"";"";"";"";"<p>Предназначены для резка кирпича, бетона и камня углошлифовальными и бензиновыми машинами без сколов. Резка и шлифовка черного и цветного металла и нержавеющей стали.</p>
<div style='position: absolute; left: -10000px; top: 0px; width: 1px; height: 1px; overflow: hidden;' class='mcePaste' id='_mcePaste'>
<pre style='color: #000000; font-size: 14px; font-style: normal; font-variant: normal; font-weight: normal; letter-spacing: normal; line-height: normal; orphans: auto; text-align: left; text-indent: 0px; text-transform: none; widows: auto; word-spacing: 0px;'><!--mce:0--></pre>
<pre style='color: #000000; font-size: 14px; font-style: normal; font-variant: normal; font-weight: normal; letter-spacing: normal; line-height: normal; orphans: auto; text-align: left; text-indent: 0px; text-transform: none; widows: auto; word-spacing: 0px;'><!--mce:1--></pre>
</div>";"<p>Предназначены для резка кирпича, бетона и камня углошлифовальными и  бензиновыми машинами без сколов. Резка и шлифовка черного и цветного  металла и нержавеющей стали.</p>";"";"";"";"";"diski-i-chashki-dlya-mashin";"";"";"";"";"";""
"!Алмазные диски для ручных машин";"";"";"";"";"";"";"";"<p>Новое измерение высокопроизводительного резания</p>";"<p>Premium - диски для максимальной экономической эффективности<br />Standart - диски для интенсивной работы<br />Basic - универсальный инструмент для экономичной работы</p>";"";"";"";"";"almaznye-diski-dlya-ruchnykh-mashin";"";"";"";"";"";""
"!Алмазные шлифовальные чашки для ручных машин";"";"";"";"";"";"";"";"<div dir='ltr' style='font-size: 13.3333px; font-family: sans-serif; left: 62.3623px; top: 149.814px; transform: scale(1.02195, 1); transform-origin: 0% 0% 0px;' data-font-name='g_font_p0_7' data-canvas-width='297.38668084716807'>Ручные алмазные шлифовальные чашки для сухого шлифования - отличный  результат на самых разных материалах.</div>";"<p>Premium - диски для максимальной экономической эффективности<br />Standart - диски для интенсивной работы<br />Basic - универсальный инструмент для экономичной работы</p>";"";"";"";"";"almaznye-shlifovalnye-chashki-dlya-ruchnykh-mashin";"";"";"";"";"";""
"!Алмазные диски для бензорезов";"";"";"";"";"";"";"";"<div dir='ltr' style='font-size: 13.3333px; font-family: sans-serif; left: 62.3621px; top: 95.2938px; transform: scale(1.02985, 1); transform-origin: 0% 0% 0px;' data-font-name='g_font_p0_5' data-canvas-width='305.8666812515259'>Отрезные алмазные диски для легкой и быстрой резки любых материалов.</div>";"";"";"";"";"";"almaznye-diski-dlya-benzorezov";"";"";"";"";"";""
"!Абразивные отрезные диски для ручных машин";"";"";"";"";"";"";"";"<p>Диски Tyrolit - это чистая поверхность среза, почти не требующая последующей обработки материала.</p>";"";"";"";"";"";"abrazivnye-otreznye-diski-dlya-ruchnykh-mashin";"";"";"";"";"";""
"!Абразивные отрезные диски для бензорезов и стационарных машин";"";"";"";"";"";"";"";"<p>Высокопроизводительные отрезные диски для различных видов стали.</p>";"";"";"";"";"";"abrazivnye-otreznye-diski-dlya-benzorezov-i-statsionarnykh-mashin";"";"";"";"";"";""
"!Абразивные шлифовальные диски";"";"";"";"";"";"";"";"<p>Высокая производительность съема при шлифовании.</p>";"";"";"";"";"";"abrazivnye-shlifovalnye-diski";"";"";"";"";"";""
"!Веерные (лепестковые) шлифовальные диски";"";"";"";"";"";"";"";"<div dir='ltr' style='font-size: 13.3333px; font-family: sans-serif; left: 73.4513px; top: 416.193px; transform: scale(1.02513, 1); transform-origin: 0% 0% 0px;' data-font-name='g_font_p0_37' data-canvas-width='205.0266764431'>Благодаря слоистой структуре инструмент не загрязняется и не засаливается.</div>";"";"";"";"";"";"veernye-lepestkovye-shlifovalnye-diski";"";"";"";"";"";""
"!Абразивные шлифовальные чашки";"";"";"";"";"";"";"";"<p>Благодаря своей форме чашки отличаются высокой производительностью съема материала иоптимальным сроком службы.</p>";"";"";"";"";"";"abrazivnye-shlifovalnye-chashki";"";"";"";"";"";""
"!Армированный бетон";"";"";"";"";"";"";"";"";"<p>Premium - диски для максимальной экономической эффективности<br />Standart - диски для интенсивной работы<br />Basic - универсальный инструмент для экономичной работы</p>";"";"";"";"";"armirovannyy-beton";"";"";"";"";"";""
"!Абразивные материалы";"";"";"";"";"";"";"";"";"<p>Premium - диски для максимальной экономической эффективности<br />Standart - диски для интенсивной работы<br />Basic - универсальный инструмент для экономичной работы</p>";"";"";"";"";"abrazivnye-materialy";"";"";"";"";"";""
"!Строительные материалы";"";"";"";"";"";"";"";"";"<p>Premium - диски для максимальной экономической эффективности<br />Standart - диски для интенсивной работы<br />Basic - универсальный инструмент для экономичной работы</p>";"";"";"";"";"stroitelnye-materialy";"";"";"";"";"";""
"!Гранит, высокопрочные минеральные материалы";"";"";"";"";"";"";"";"";"<p>Premium - диски для максимальной экономической эффективности<br />Standart - диски для интенсивной работы<br />Basic - универсальный инструмент для экономичной работы</p>";"";"";"";"";"granit-vysokoprochnye-mineralnye-materialy";"";"";"";"";"";""
"!Керамика, керамическая плитка, керамогранит";"";"";"";"";"";"";"";"";"<p>Premium - диски для максимальной экономической эффективности<br />Standart - диски для интенсивной работы<br />Basic - универсальный инструмент для экономичной работы</p>";"";"";"";"";"keramika-keramicheskaya-plitka-keramogranit";"";"";"";"";"";""
"!Асфальт";"";"";"";"";"";"";"";"";"<p>Premium - диски для максимальной экономической эффективности<br />Standart - диски для интенсивной работы<br />Basic - универсальный инструмент для экономичной работы</p>";"";"";"";"";"asfalt";"";"";"";"";"";""
"!Нержавеющая сталь";"";"";"";"";"";"";"";"";"<p>Premium - диски для максимальной экономической эффективности<br />Standart - диски для интенсивной работы<br />Basic - универсальный инструмент для экономичной работы</p>";"";"";"";"";"nerzhaveyushchaya-stal";"";"";"";"";"";""
"!Сталь/Нержавеющая сталь";"";"";"";"";"";"";"";"";"<p>Premium - диски для максимальной экономической эффективности<br />Standart - диски для интенсивной работы<br />Basic - универсальный инструмент для экономичной работы</p>";"";"";"";"";"stalnerzhaveyushchaya-stal";"";"";"";"";"";""
"!Цветные металлы";"";"";"";"";"";"";"";"";"<p>Premium - диски для максимальной экономической эффективности<br />Standart - диски для интенсивной работы<br />Basic - универсальный инструмент для экономичной работы</p>";"";"";"";"";"tsvetnye-metally";"";"";"";"";"";""
"!Сталь/Литье";"";"";"";"";"";"";"";"";"<p>Premium - диски для максимальной экономической эффективности<br />Standart - диски для интенсивной работы<br />Basic - универсальный инструмент для экономичной работы</p>";"";"";"";"";"stallite";"";"";"";"";"";""
"!Резка рельс";"";"";"";"";"";"";"";"";"<p>Premium - диски для максимальной экономической эффективности<br />Standart - диски для интенсивной работы<br />Basic - универсальный инструмент для экономичной работы</p>";"";"";"";"";"rezka-rels";"";"";"";"";"";""
"!Сталь/Литейные материалы";"";"";"";"";"";"";"";"";"<p>Premium - диски для максимальной экономической эффективности<br />Standart - диски для интенсивной работы<br />Basic - универсальный инструмент для экономичной работы</p>";"";"";"";"";"stalliteynye-materialy";"";"";"";"";"";""
"!Камень, бетон, горная порода";"";"";"";"";"";"";"";"";"<p>Premium - диски для максимальной экономической эффективности<br />Standart - диски для интенсивной работы<br />Basic - универсальный инструмент для экономичной работы</p>";"";"";"";"";"kamen-beton-gornaya-poroda";"";"";"";"";"";""
"!Дизельные генераторы";"";"";"";"";"";"";"";"";"";"";"";"";"";"dizelnye-generatory";"";"";"";"";"";""
"!Электростанции";"";"";"";"";"";"";"";"";"";"";"";"";"";"elektrostantsii";"";"";"";"";"";""
"!Газовые и двухтопливные генераторы";"";"";"";"";"";"";"";"";"";"";"";"";"";"gazovye-i-dvukhtoplivnye-generatory";"";"";"";"";"";""
"!Открытые";"";"";"";"";"";"";"";"<p>3000об./мин.(в раме)</p>";"";"";"";"";"";"otkrytye";"";"";"";"";"";""
"!Цифровые";"";"";"";"";"";"";"";"<p>Шумозащитный кожух, чемоданы</p>";"";"";"";"";"";"tsifrovye";"";"";"";"";"";""
"!Закрытые";"";"";"";"";"";"";"";"<p>В шумозащитном кожухе (3000об./мин.)</p>";"";"";"";"";"";"zakrytye";"";"";"";"";"";""
"!Промышленные";"";"";"";"";"";"";"";"<p>9.3 - 550.0 кВт</p>";"";"";"";"";"";"promyshlennye";"";"";"";"";"";""
"!Дизельные";"";"";"";"";"";"";"";"<p>В ультразащитном кожухе (1500об./мин.)</p>";"";"";"";"";"";"dizelnye";"";"";"";"";"";""
"!ETALON";"";"";"";"";"";"";"";"";"";"";"";"";"";"etalon";"";"";"";"";"";""
"!KRAUSE";"";"";"";"";"";"";"";"";"";"";"";"";"";"krause";"";"";"";"";"";""
"!Лестницы, универсальная серия";"";"";"";"";"";"";"";"";"";"";"";"";"";"lestnitsy-universalnaya-seriya";"";"";"";"";"";""
"!Подставки";"";"";"";"";"";"";"";"";"";"";"";"";"";"podstavki";"";"";"";"";"";""
"!Алюминиевые лестницы со ступенями";"";"";"";"";"";"";"";"";"";"";"";"";"";"alyuminievye-lestnitsy-so-stupenyami";"";"";"";"";"";""
"!Шарнирные и телескопические лестницы, лестницы-трансформеры";"";"";"";"";"";"";"";"";"";"";"";"";"";"sharnirnye-i-teleskopicheskie-lestnitsy-lestnitsy-transformery";"";"";"";"";"";""
"!Алюминиевые лестницы с перекладинами";"";"";"";"";"";"";"";"";"";"";"";"";"";"alyuminievye-lestnitsy-s-perekladinami";"";"";"";"";"";""
"!Лестницы, профессиональная серия";"";"";"";"";"";"";"";"";"";"";"";"";"";"lestnitsy-professionalnaya-seriya";"";"";"";"";"";""
"!Алюминиевые лестницы со ступенями_pro";"";"";"";"";"";"";"";"";"";"";"";"";"";"alyuminievye-lestnitsy-so-stupenyami_pro";"";"";"";"";"";""
"!MASTER";"";"";"";"";"";"";"";"";"";"";"";"";"";"master";"";"";"";"";"";""
"!Нагреватели воздуха с прямым нагревом";"";"";"";"";"";"";"";"";"";"";"";"";"";"nagrevateli-vozdukha-s-pryamym-nagrevom";"";"";"";"";"";""
"!Электрические нагреватели";"";"";"";"";"";"";"";"";"";"";"";"";"";"elektricheskie-nagrevateli";"";"";"";"";"";""
"!Газовые нагреватели";"";"";"";"";"";"";"";"";"";"";"";"";"";"gazovye-nagrevateli";"";"";"";"";"";""
"!FUBAG";"";"";"";"";"";"";"";"";"";"";"";"";"";"fubag";"";"";"";"";"";""
"!Пневмоинструмент";"";"";"";"";"";"";"";"";"<p> </p>
<p> </p>
<p>Телефоны для справок: <br />(343) 328-66-80<br />(34368) 79-001, 79-002<br />+7 (922) 188-66-80</p>
<p>Будем рады видеть Вас в нашем магазине по адресу:<br />Верхняя Пышма, ул. Петрова, 11</p>";"";"";"";"";"pnevmoinstrument";"";"";"";"";"";""
"!QuikDrill";"";"";"";"";"";"";"";"";"";"";"";"";"";"quikdrill";"";"";"";"";"";""
"!Молоток отбойный";"";"";"";"";"";"";"";"";"";"";"";"";"";"molotok-otboynyy";"";"";"";"";"";""
"!Бетонолом";"";"";"";"";"";"";"";"";"";"";"";"";"";"betonolom";"";"";"";"";"";""
"!Радиальные пневмошлимашинки";"";"";"";"";"";"";"";"";"";"";"";"";"";"radialnye-pnevmoshlimashinki";"";"";"";"";"";""
"!Пневмотрамбовка";"";"";"";"";"";"";"";"";"";"";"";"";"";"pnevmotrambovka";"";"";"";"";"";""
"!FISKARS";"";"";"";"";"";"";"";"";"";"";"";"";"";"fiskars";"";"";"";"";"";""
"!Секаторы, сучкорезы и ножницы";"";"";"";"";"";"";"";"";"";"";"";"";"";"sekatory-suchkorezy-i-nozhnitsy";"";"";"";"";"";""
"!Топоры";"";"";"";"";"";"";"";"";"";"";"";"";"";"topory";"";"";"";"";"";""
"!Садово-посадочный инвентарь";"";"";"";"";"";"";"";"";"";"";"";"";"";"sadovo-posadochnyy-inventar";"";"";"";"";"";""
"!Лопаты, вилы, тяпки";"";"";"";"";"";"";"";"";"";"";"";"";"";"lopaty-vily-tyapki";"";"";"";"";"";""
"!Аксессуары";"";"";"";"";"";"";"";"";"";"";"";"";"";"aksessuary";"";"";"";"";"";""
"!WoodXPert";"";"";"";"";"";"";"";"";"";"";"";"";"";"woodxpert";"";"";"";"";"";""
"!Грабли и метлы";"";"";"";"";"";"";"";"";"";"";"";"";"";"grabli-i-metly";"";"";"";"";"";""
"!Наборы";"";"";"";"";"";"";"";"";"";"";"";"";"";"nabory";"";"";"";"";"";""
"!Ножи";"";"";"";"";"";"";"";"";"";"";"";"";"";"nozhi";"";"";"";"";"";""
"!Пилы";"";"";"";"";"";"";"";"";"";"";"";"";"";"pily";"";"";"";"";"";""
"!";"";"";"";"";"";"";"";"";"";"";"";"";"";"";"";"";"";"";"";""
"!Мотокосы СТАВР";"";"";"";"";"";"";"";"";"";"";"";"";"";"motokosy-stavr";"";"";"";"";"";""
"!Оборудование для фрезерования, шлифования, полирования полов из бетона, гранита, мрамора и т. д.";"";"";"";"";"";"";"";"";"";"";"";"";"";"oborudovanie-dlya-frezerovaniya-shlifovaniya-polirovaniya-polov-iz-betona-granita-mramora-i-t-d";"";"";"";"";"";""
"!Техника СПЛИТСТОУН";"";"";"";"";"";"";"";"";"";"";"";"";"";"tekhnika-splitstoun";"";"";"";"";"";""
"!Виброплиты бензиновые";"";"";"";"";"";"";"";"";"";"";"";"";"";"vibroplity-benzinovye";"";"";"";"";"";""
"!Резчики швов  для резки бетона и асфальта";"";"";"";"";"";"";"";"";"";"";"";"";"";"rezchiki-shvov--dlya-rezki-betona-i-asfalta";"";"";"";"";"";""
